cgpa,dsa_questions,coding_skill,aptitude_score,communication_skill,projects,internships,mock_interviews,resume_score,weekly_prep_hours,readiness_score
8.870,139.852,6.000,95.614,5.000,3.000,0.000,6.000,96.992,18.407,59.858
7.194,312.670,8.000,74.402,2.000,1.000,1.000,4.000,50.404,15.690,53.530
9.293,122.688,10.000,31.727,5.000,4.000,1.000,3.000,80.118,13.805,64.265
8.487,270.790,9.000,64.979,5.000,2.000,1.000,5.000,38.080,7.726,62.827
5.471,136.007,7.000,40.707,4.000,2.000,0.000,6.000,83.636,13.863,51.410
9.878,358.479,6.000,33.345,6.000,1.000,2.000,9.000,49.304,18.517,69.926
8.806,31.142,4.000,71.896,4.000,2.000,0.000,5.000,87.016,28.897,53.482
8.930,62.054,2.000,84.385,4.000,2.000,1.000,3.000,97.829,15.517,46.727
5.641,166.330,8.000,32.524,8.000,3.000,0.000,3.000,37.940,16.883,54.818
7.252,106.173,1.000,84.851,3.000,4.000,1.000,6.000,58.919,24.199,50.248
6.854,132.718,7.000,79.447,4.000,1.000,1.000,6.000,81.526,19.022,58.110
9.634,292.498,5.000,82.639,2.000,3.000,1.000,6.000,99.768,31.022,65.038
8.219,130.498,8.000,47.131,7.000,2.000,1.000,6.000,58.598,11.525,60.733
9.114,235.121,10.000,57.552,8.000,1.000,1.000,7.000,99.674,9.144,67.529
7.217,88.095,6.000,38.383,7.000,1.000,0.000,1.000,93.447,17.054,47.946
6.136,23.946,6.000,46.722,2.000,3.000,2.000,1.000,81.755,11.874,50.088
7.773,311.359,5.000,51.195,5.000,0.000,0.000,5.000,59.823,6.732,44.253
5.319,561.093,4.000,52.361,3.000,1.000,0.000,7.000,69.899,37.822,50.957
9.138,217.979,1.000,42.253,8.000,3.000,1.000,4.000,81.823,16.433,56.919
8.158,173.296,1.000,43.210,4.000,4.000,0.000,4.000,79.572,51.834,50.070
8.790,201.686,8.000,93.103,5.000,5.000,0.000,5.000,53.746,6.442,62.115
6.773,445.262,10.000,84.873,5.000,4.000,1.000,9.000,71.219,8.023,77.931
9.853,219.857,1.000,54.113,8.000,2.000,0.000,5.000,89.277,4.848,48.493
9.466,321.687,4.000,96.335,8.000,1.000,0.000,3.000,65.880,24.831,63.002
8.892,312.091,7.000,46.725,9.000,3.000,2.000,6.000,71.806,4.256,69.918
5.973,378.847,8.000,58.477,5.000,1.000,0.000,5.000,56.290,15.235,59.702
7.334,170.479,8.000,86.947,9.000,3.000,1.000,4.000,45.407,7.125,62.830
5.219,121.352,7.000,61.002,9.000,1.000,1.000,2.000,39.289,16.103,50.521
5.771,272.886,1.000,46.424,6.000,0.000,3.000,2.000,61.394,19.932,50.186
8.415,361.173,3.000,55.797,7.000,2.000,2.000,6.000,76.065,14.139,68.388
8.724,407.363,5.000,65.050,10.000,5.000,1.000,4.000,84.401,23.198,75.862
9.838,481.308,1.000,73.445,9.000,4.000,2.000,3.000,40.464,32.082,70.598
6.629,339.676,4.000,58.392,3.000,4.000,1.000,5.000,55.702,5.589,59.657
6.852,115.960,4.000,60.191,8.000,3.000,0.000,4.000,87.514,12.574,48.767
7.348,217.791,10.000,48.476,5.000,3.000,2.000,7.000,42.297,22.040,73.708
5.947,204.088,4.000,67.474,2.000,2.000,1.000,4.000,99.563,5.919,49.011
5.650,188.171,10.000,45.362,4.000,3.000,1.000,7.000,76.125,38.763,63.842
7.379,273.267,8.000,90.727,10.000,2.000,4.000,7.000,96.101,12.484,77.924
6.135,158.776,7.000,82.316,10.000,4.000,1.000,6.000,82.468,41.880,75.969
8.349,158.954,9.000,58.720,8.000,1.000,0.000,3.000,97.652,5.307,51.374
7.186,583.151,9.000,82.306,10.000,2.000,1.000,5.000,78.247,25.714,83.036
9.163,177.264,3.000,30.490,6.000,3.000,2.000,8.000,52.425,9.420,60.015
8.501,377.031,5.000,54.114,8.000,1.000,1.000,4.000,87.018,14.670,63.663
6.562,391.602,6.000,60.821,2.000,1.000,1.000,2.000,49.695,20.662,55.358
9.161,222.132,10.000,62.886,3.000,2.000,0.000,3.000,71.725,24.513,61.651
9.024,163.767,1.000,82.411,2.000,4.000,0.000,2.000,59.248,18.781,48.880
6.937,91.251,5.000,97.397,10.000,4.000,1.000,5.000,86.942,14.222,64.028
6.442,41.191,3.000,56.600,7.000,1.000,1.000,4.000,84.367,15.905,44.870
8.412,286.874,3.000,54.542,10.000,0.000,0.000,5.000,91.153,55.329,57.227
5.699,248.098,8.000,72.736,5.000,3.000,2.000,6.000,51.052,26.835,70.940
6.000,316.252,3.000,49.688,5.000,4.000,0.000,3.000,99.841,7.640,61.533
5.037,127.710,8.000,39.895,7.000,2.000,0.000,6.000,87.349,15.716,52.187
8.935,621.203,10.000,97.308,6.000,6.000,2.000,4.000,60.136,19.414,85.758
8.324,263.615,8.000,86.667,4.000,1.000,2.000,3.000,43.298,2.357,57.563
8.526,172.266,2.000,97.095,4.000,3.000,0.000,5.000,57.713,28.689,51.973
8.904,22.137,2.000,45.248,6.000,2.000,0.000,5.000,41.902,8.181,34.968
7.295,139.409,5.000,31.247,1.000,0.000,2.000,2.000,74.999,9.951,37.095
7.844,326.474,6.000,60.608,2.000,4.000,1.000,4.000,42.340,6.632,62.170
5.699,473.242,8.000,95.353,1.000,2.000,0.000,5.000,62.983,25.844,64.080
5.573,193.030,5.000,39.683,2.000,1.000,2.000,0.000,78.392,21.261,47.588
8.342,523.780,2.000,38.203,2.000,1.000,1.000,5.000,64.450,26.649,51.207
7.355,85.315,10.000,34.827,1.000,2.000,1.000,3.000,92.307,33.535,53.977
7.826,253.385,10.000,83.551,1.000,5.000,0.000,6.000,50.665,16.969,61.609
8.825,258.417,7.000,85.015,9.000,2.000,0.000,7.000,69.053,10.874,66.088
8.174,288.460,7.000,78.676,2.000,1.000,0.000,2.000,94.357,17.150,55.848
7.768,212.789,10.000,33.730,6.000,3.000,0.000,6.000,57.958,9.899,59.292
7.796,243.754,5.000,80.630,1.000,3.000,3.000,4.000,65.726,20.425,58.914
6.520,83.525,2.000,61.404,10.000,0.000,0.000,0.000,95.635,29.255,42.051
5.154,443.948,7.000,41.053,3.000,4.000,1.000,2.000,67.455,8.542,63.358
7.184,352.613,5.000,50.659,8.000,2.000,0.000,2.000,91.176,17.237,60.871
6.073,237.049,8.000,65.080,7.000,2.000,0.000,4.000,96.130,14.007,56.486
7.043,358.144,8.000,53.076,8.000,2.000,0.000,5.000,51.647,14.611,65.976
9.267,453.218,5.000,97.882,7.000,0.000,0.000,3.000,86.080,25.568,65.960
6.170,285.593,4.000,63.232,6.000,3.000,0.000,12.000,77.494,19.613,61.984
5.292,664.191,5.000,56.051,8.000,2.000,1.000,6.000,99.137,12.621,70.719
6.407,302.009,7.000,77.122,9.000,1.000,1.000,2.000,73.062,13.604,63.267
6.468,95.316,7.000,75.538,4.000,4.000,1.000,4.000,86.531,15.842,60.315
8.310,228.671,6.000,30.171,10.000,3.000,0.000,6.000,57.470,15.245,62.327
7.785,367.493,6.000,73.293,10.000,2.000,0.000,5.000,74.415,15.828,70.383
8.919,453.504,10.000,47.064,8.000,3.000,2.000,7.000,85.608,23.130,85.142
8.322,216.055,3.000,56.266,10.000,2.000,2.000,8.000,97.849,6.547,63.236
7.032,88.936,2.000,79.444,2.000,3.000,1.000,2.000,51.370,19.756,46.509
9.070,161.086,8.000,69.017,6.000,4.000,2.000,4.000,40.128,21.010,71.680
5.835,57.485,10.000,55.806,7.000,2.000,1.000,2.000,98.460,40.515,63.536
5.114,323.341,7.000,41.719,10.000,3.000,3.000,5.000,74.172,14.184,72.637
5.450,138.043,5.000,65.384,2.000,3.000,1.000,7.000,36.121,19.562,46.258
8.612,108.419,4.000,52.356,9.000,2.000,1.000,3.000,68.799,25.449,56.687
7.309,344.817,5.000,93.905,1.000,2.000,2.000,3.000,95.843,19.326,64.285
5.806,517.012,1.000,67.404,4.000,0.000,2.000,3.000,98.988,3.562,54.230
7.505,108.028,6.000,90.617,7.000,0.000,0.000,8.000,56.171,3.902,51.097
5.762,217.074,3.000,57.313,3.000,3.000,0.000,5.000,85.824,13.412,49.761
8.482,166.264,3.000,87.921,9.000,3.000,1.000,8.000,64.815,15.096,58.223
7.231,467.191,6.000,33.958,10.000,2.000,0.000,3.000,60.871,18.175,61.548
6.905,180.929,10.000,50.868,2.000,4.000,0.000,4.000,84.283,6.198,56.397
6.508,81.742,3.000,35.472,3.000,2.000,1.000,2.000,52.548,21.409,39.233
8.151,187.395,10.000,32.216,1.000,2.000,1.000,5.000,62.715,6.264,54.057
6.809,405.000,6.000,94.320,8.000,1.000,3.000,2.000,51.025,19.168,73.270
5.438,158.934,10.000,80.181,9.000,3.000,2.000,5.000,44.271,7.717,70.711
5.590,117.586,4.000,73.758,7.000,3.000,0.000,3.000,59.654,20.771,48.195
9.809,174.912,10.000,67.274,2.000,5.000,0.000,0.000,97.350,25.529,62.003
9.543,84.081,7.000,69.869,2.000,1.000,1.000,4.000,62.227,9.006,45.814
8.499,166.101,7.000,74.708,1.000,1.000,4.000,4.000,79.410,18.986,56.390
6.329,124.917,6.000,87.861,5.000,3.000,0.000,4.000,53.530,16.610,54.881
9.846,741.531,5.000,71.782,8.000,0.000,0.000,10.000,91.248,8.723,67.797
8.894,28.903,6.000,82.401,2.000,2.000,1.000,7.000,75.619,6.014,48.662
8.584,94.958,9.000,49.668,9.000,2.000,1.000,1.000,96.780,21.660,63.150
7.247,117.513,8.000,98.373,3.000,5.000,0.000,2.000,56.187,37.370,62.719
6.361,84.588,1.000,32.233,6.000,2.000,3.000,7.000,69.972,12.607,42.557
5.482,255.114,7.000,57.060,7.000,2.000,0.000,5.000,47.418,3.625,54.706
9.513,106.424,9.000,91.743,6.000,4.000,2.000,2.000,43.832,2.349,66.984
7.279,51.596,8.000,42.637,5.000,4.000,1.000,1.000,73.048,15.758,54.334
6.012,203.372,5.000,39.894,4.000,3.000,1.000,9.000,87.222,4.968,55.089
6.530,151.990,4.000,55.580,5.000,3.000,1.000,13.000,47.987,4.233,53.437
7.896,110.644,7.000,59.974,3.000,2.000,2.000,11.000,80.690,8.586,58.492
5.884,459.620,7.000,95.338,3.000,2.000,0.000,8.000,78.651,21.327,64.894
9.283,261.114,4.000,88.528,8.000,1.000,1.000,2.000,66.366,20.306,58.832
8.793,241.187,5.000,62.486,9.000,3.000,1.000,4.000,84.849,22.094,72.561
8.597,265.144,4.000,98.108,9.000,1.000,0.000,7.000,73.604,10.681,59.248
7.160,255.818,1.000,74.959,4.000,2.000,1.000,3.000,96.522,11.183,51.083
8.137,157.998,1.000,91.156,4.000,1.000,3.000,3.000,84.641,26.506,54.549
7.920,107.363,1.000,47.224,1.000,1.000,0.000,4.000,92.629,12.157,33.438
8.249,206.626,5.000,64.227,3.000,1.000,1.000,7.000,58.489,5.921,50.400
5.422,155.787,6.000,32.080,6.000,3.000,1.000,5.000,87.715,8.898,55.373
7.079,28.435,5.000,30.622,3.000,3.000,0.000,7.000,99.482,22.303,45.169
5.208,78.187,10.000,79.382,8.000,6.000,0.000,0.000,45.625,18.768,54.937
7.470,141.026,3.000,38.281,1.000,2.000,2.000,4.000,68.227,13.281,43.493
6.649,349.771,4.000,68.347,5.000,2.000,0.000,9.000,91.052,4.700,62.314
5.723,207.279,3.000,78.721,3.000,0.000,0.000,1.000,60.781,18.679,37.498
5.517,91.928,3.000,32.256,5.000,3.000,2.000,4.000,68.035,11.775,48.112
7.938,72.226,6.000,61.412,1.000,4.000,2.000,10.000,83.596,5.864,55.099
5.853,400.146,4.000,77.891,5.000,2.000,0.000,2.000,88.605,21.992,62.499
9.626,163.612,4.000,92.281,8.000,2.000,1.000,8.000,47.969,12.187,60.105
7.905,5.134,7.000,50.946,9.000,2.000,2.000,6.000,60.422,15.302,57.661
6.734,171.604,9.000,98.195,3.000,6.000,3.000,4.000,60.643,28.798,70.147
7.955,300.793,3.000,89.118,5.000,2.000,3.000,5.000,44.934,17.669,67.976
5.114,70.202,2.000,75.544,7.000,2.000,2.000,3.000,40.925,21.058,49.444
9.793,196.049,3.000,57.435,5.000,4.000,1.000,7.000,83.405,14.691,60.976
7.412,209.675,6.000,79.778,6.000,3.000,1.000,5.000,90.380,23.513,59.041
8.914,74.129,10.000,87.134,4.000,2.000,1.000,6.000,96.875,6.826,65.023
5.414,424.187,2.000,51.231,9.000,0.000,0.000,6.000,97.159,4.699,50.416
7.433,212.303,1.000,99.498,7.000,1.000,0.000,4.000,99.654,6.315,46.540
7.454,140.461,6.000,93.603,10.000,4.000,0.000,3.000,40.395,11.236,58.812
9.689,164.447,10.000,63.985,8.000,2.000,0.000,8.000,60.792,21.044,71.194
7.859,61.725,6.000,80.598,4.000,1.000,1.000,1.000,40.340,10.361,43.887
7.367,59.307,10.000,66.681,4.000,0.000,0.000,4.000,79.063,20.684,46.034
6.335,130.356,7.000,83.265,1.000,1.000,0.000,7.000,98.205,15.785,48.995
6.658,136.867,1.000,87.889,7.000,4.000,0.000,6.000,37.384,41.017,50.781
7.603,156.347,5.000,31.626,8.000,4.000,0.000,2.000,69.211,16.049,55.299
7.195,448.768,8.000,35.539,4.000,3.000,2.000,5.000,69.662,9.661,68.222
5.108,289.857,6.000,53.553,1.000,4.000,1.000,2.000,45.613,19.482,51.167
9.131,33.956,2.000,94.233,9.000,2.000,2.000,9.000,89.175,15.105,60.932
9.481,394.258,2.000,57.879,3.000,3.000,0.000,2.000,60.657,6.836,51.905
5.701,129.549,7.000,92.126,6.000,2.000,1.000,5.000,62.330,13.164,53.963
7.770,308.985,5.000,62.370,1.000,0.000,0.000,7.000,97.527,12.995,44.888
5.543,137.885,6.000,50.220,1.000,2.000,1.000,6.000,51.080,13.464,46.592
8.361,202.661,4.000,93.045,9.000,3.000,0.000,5.000,60.055,7.158,58.262
6.406,66.196,4.000,69.247,7.000,4.000,1.000,8.000,85.060,37.674,60.602
8.297,235.727,7.000,55.234,1.000,1.000,0.000,3.000,66.199,5.069,47.412
8.635,332.943,1.000,33.108,2.000,0.000,2.000,7.000,74.222,29.103,47.181
8.843,41.439,5.000,37.765,5.000,2.000,1.000,6.000,66.058,14.291,48.804
5.539,336.402,4.000,39.752,7.000,2.000,2.000,6.000,53.416,8.019,60.893
9.580,106.993,8.000,55.539,5.000,2.000,1.000,5.000,45.577,34.334,58.392
6.151,543.111,8.000,72.513,9.000,3.000,1.000,3.000,90.259,1.679,68.558
5.187,312.850,5.000,51.531,7.000,1.000,1.000,6.000,52.889,7.952,52.897
7.774,277.066,3.000,34.587,7.000,2.000,1.000,7.000,99.829,12.629,57.460
6.855,165.174,3.000,48.537,3.000,3.000,0.000,1.000,35.654,8.711,35.069
9.149,827.617,3.000,58.608,7.000,2.000,2.000,4.000,92.327,13.563,69.070
9.041,130.199,3.000,99.459,9.000,1.000,0.000,4.000,96.579,20.126,55.699
6.586,79.817,8.000,57.509,1.000,0.000,0.000,7.000,38.816,5.992,36.402
9.764,110.131,1.000,36.244,8.000,3.000,1.000,6.000,75.792,16.566,55.577
6.455,373.467,1.000,70.678,9.000,2.000,2.000,5.000,85.874,21.249,65.460
7.575,199.873,6.000,94.375,5.000,2.000,0.000,5.000,74.999,6.460,58.664
6.280,179.061,3.000,85.069,8.000,2.000,0.000,5.000,92.208,15.780,53.568
9.680,131.744,9.000,88.535,4.000,2.000,1.000,7.000,43.611,12.923,59.286
5.823,172.227,8.000,94.976,2.000,3.000,0.000,4.000,96.669,7.384,52.988
5.225,124.639,8.000,74.558,9.000,4.000,1.000,3.000,70.783,7.855,63.188
7.175,295.023,5.000,99.645,4.000,3.000,2.000,3.000,57.384,7.915,60.585
9.962,153.647,5.000,32.330,8.000,4.000,0.000,4.000,69.137,10.604,57.163
9.458,111.823,5.000,88.439,4.000,2.000,1.000,4.000,57.055,10.697,51.551
8.743,352.990,2.000,89.991,4.000,2.000,0.000,4.000,64.604,29.708,56.225
9.454,82.084,6.000,94.169,7.000,4.000,2.000,1.000,45.170,17.275,64.116
9.467,201.916,9.000,63.472,4.000,2.000,1.000,3.000,89.902,17.573,66.079
7.594,28.209,3.000,85.143,9.000,2.000,0.000,2.000,60.325,15.305,44.924
6.580,54.717,1.000,43.656,1.000,1.000,0.000,6.000,65.356,16.065,31.088
8.860,141.172,6.000,72.219,1.000,2.000,1.000,2.000,94.122,18.276,53.792
8.308,122.822,4.000,55.105,1.000,4.000,1.000,2.000,93.955,6.721,45.846
6.868,122.671,8.000,71.732,3.000,1.000,0.000,6.000,86.225,13.274,51.860
5.472,314.776,9.000,77.289,1.000,2.000,1.000,6.000,36.951,8.077,59.883
8.734,327.189,10.000,54.295,4.000,0.000,0.000,1.000,93.914,24.290,63.027
6.312,230.557,4.000,45.137,1.000,2.000,1.000,3.000,47.268,10.003,40.734
9.684,78.251,10.000,52.518,8.000,2.000,0.000,6.000,63.489,18.414,58.607
6.205,171.228,2.000,76.477,2.000,1.000,2.000,4.000,93.694,20.339,49.141
5.614,592.381,4.000,77.381,10.000,2.000,0.000,3.000,41.178,16.674,60.684
9.156,776.773,3.000,81.892,9.000,3.000,2.000,4.000,43.652,15.650,72.286
5.766,355.266,10.000,38.858,7.000,3.000,0.000,10.000,72.444,14.239,69.971
5.896,81.000,7.000,87.296,8.000,4.000,0.000,7.000,65.401,20.903,62.752
7.997,172.357,4.000,78.170,8.000,1.000,2.000,1.000,60.329,8.489,48.002
9.373,219.989,2.000,32.135,9.000,6.000,0.000,6.000,87.628,17.431,61.227
5.982,197.159,8.000,53.492,6.000,4.000,0.000,3.000,93.154,4.036,61.952
6.552,380.032,7.000,62.670,7.000,0.000,2.000,5.000,99.443,9.704,65.400
8.887,305.566,9.000,55.243,5.000,2.000,1.000,4.000,42.992,10.499,63.817
9.859,77.180,5.000,38.219,7.000,7.000,1.000,1.000,78.956,5.419,58.015
7.504,114.045,2.000,44.514,4.000,2.000,0.000,8.000,91.637,15.665,44.930
5.719,354.283,4.000,31.719,2.000,3.000,1.000,4.000,50.634,8.855,51.779
5.070,458.361,7.000,36.515,10.000,2.000,0.000,5.000,66.202,27.061,71.294
6.148,221.935,3.000,48.641,7.000,2.000,1.000,2.000,35.466,12.253,53.018
5.659,495.230,1.000,87.398,8.000,0.000,1.000,6.000,43.750,20.062,53.650
8.388,204.440,9.000,66.865,3.000,1.000,0.000,6.000,43.162,24.580,55.176
5.609,89.579,6.000,59.715,8.000,5.000,1.000,6.000,80.992,18.667,63.850
7.532,287.171,4.000,76.351,6.000,0.000,0.000,4.000,75.446,11.206,51.504
8.471,994.339,6.000,67.906,1.000,2.000,0.000,8.000,37.515,14.199,59.782
7.906,62.187,8.000,39.206,10.000,2.000,1.000,5.000,73.720,5.447,50.635
5.999,483.267,1.000,45.584,10.000,1.000,1.000,9.000,39.429,20.251,54.737
9.021,276.273,5.000,45.577,9.000,2.000,2.000,2.000,48.143,41.934,70.204
8.577,108.559,3.000,71.997,5.000,1.000,0.000,3.000,93.589,23.460,48.915
8.695,29.012,1.000,62.314,3.000,0.000,0.000,4.000,64.072,10.898,31.448
5.655,17.330,1.000,57.131,1.000,0.000,1.000,7.000,85.788,11.544,28.360
5.619,122.471,5.000,68.965,8.000,3.000,0.000,5.000,55.430,24.028,53.934
9.638,246.233,6.000,97.908,9.000,7.000,1.000,1.000,42.200,2.884,67.969
6.988,337.348,6.000,51.994,2.000,1.000,0.000,5.000,92.732,6.078,47.654
6.505,389.938,8.000,66.414,7.000,1.000,0.000,14.000,45.649,9.143,62.406
7.443,231.274,5.000,63.626,1.000,1.000,0.000,7.000,57.727,9.650,46.316
8.314,206.697,6.000,80.165,8.000,3.000,0.000,6.000,80.580,3.835,62.732
9.778,144.831,9.000,81.120,1.000,2.000,2.000,7.000,73.467,17.961,63.518
6.432,250.399,7.000,81.035,10.000,1.000,0.000,4.000,95.319,10.999,64.009
9.624,109.929,10.000,44.106,2.000,1.000,1.000,1.000,99.199,11.059,55.063
5.124,65.323,3.000,61.437,5.000,4.000,1.000,10.000,44.531,15.247,46.861
7.776,197.615,8.000,86.782,7.000,3.000,1.000,6.000,49.728,4.843,68.629
8.170,320.360,7.000,56.707,9.000,1.000,4.000,6.000,76.546,13.419,73.283
5.529,52.901,6.000,98.898,4.000,2.000,0.000,4.000,44.538,4.783,43.528
5.702,122.481,1.000,55.535,10.000,6.000,1.000,1.000,70.244,17.937,52.278
7.096,192.350,6.000,64.837,1.000,0.000,1.000,9.000,59.234,25.820,53.345
9.831,189.418,9.000,63.217,5.000,2.000,1.000,4.000,92.728,20.193,67.469
7.980,271.271,7.000,60.356,10.000,2.000,0.000,6.000,94.676,9.746,64.951
9.665,581.656,1.000,89.194,3.000,3.000,1.000,5.000,51.824,18.950,65.584
9.022,17.549,3.000,40.869,6.000,1.000,0.000,6.000,41.218,12.011,32.608
7.337,598.332,6.000,69.737,5.000,1.000,1.000,6.000,99.420,14.780,64.258
8.924,565.208,9.000,73.302,4.000,2.000,1.000,5.000,44.743,18.336,71.373
5.089,341.082,5.000,89.585,8.000,2.000,0.000,3.000,46.273,1.488,54.961
5.546,219.018,9.000,72.644,6.000,3.000,2.000,10.000,51.391,4.109,70.277
9.147,111.736,8.000,97.201,8.000,4.000,3.000,6.000,57.156,12.542,69.489
8.984,338.313,3.000,91.052,6.000,3.000,0.000,2.000,44.606,8.372,56.107
6.163,227.099,2.000,54.412,10.000,3.000,1.000,3.000,55.945,13.662,58.515
7.654,147.244,10.000,90.193,5.000,4.000,0.000,6.000,36.432,15.060,60.291
8.030,332.481,6.000,97.093,8.000,2.000,0.000,1.000,87.064,9.796,62.812
9.339,371.390,9.000,48.004,7.000,1.000,1.000,1.000,52.131,11.343,63.059
8.016,456.054,10.000,72.715,9.000,3.000,1.000,2.000,88.156,7.166,78.559
7.063,101.737,5.000,49.726,9.000,3.000,0.000,7.000,77.050,16.148,57.060
6.871,418.364,1.000,75.470,3.000,3.000,1.000,4.000,66.235,21.592,58.725
7.129,149.381,10.000,36.555,4.000,2.000,0.000,6.000,98.199,4.965,53.736
8.260,219.455,6.000,81.393,4.000,3.000,3.000,4.000,60.134,20.975,65.465
9.337,250.540,2.000,59.387,5.000,2.000,2.000,4.000,46.595,17.381,55.725
7.269,396.326,6.000,71.112,5.000,1.000,0.000,8.000,72.534,20.095,63.042
6.239,309.960,1.000,31.810,1.000,2.000,2.000,1.000,44.110,26.160,49.731
6.183,145.330,3.000,78.681,9.000,3.000,0.000,3.000,52.993,9.808,47.336
8.730,20.745,4.000,64.719,9.000,1.000,0.000,2.000,94.003,24.000,49.679
9.083,269.059,5.000,73.768,7.000,5.000,1.000,2.000,92.990,26.401,67.938
5.526,213.006,6.000,52.097,4.000,1.000,1.000,5.000,65.272,5.410,53.390
5.333,61.421,9.000,40.207,9.000,1.000,1.000,4.000,66.088,15.092,53.879
7.972,231.426,4.000,60.480,3.000,2.000,2.000,3.000,71.841,14.741,52.169
5.731,190.564,8.000,96.079,4.000,3.000,1.000,4.000,40.472,27.312,61.654
9.123,453.155,10.000,45.946,10.000,3.000,2.000,7.000,51.455,48.288,82.613
6.552,624.486,8.000,77.309,10.000,2.000,0.000,5.000,72.699,20.224,71.169
5.719,365.301,3.000,33.489,6.000,4.000,3.000,1.000,55.876,38.164,64.496
9.605,182.498,7.000,80.267,2.000,1.000,1.000,3.000,48.870,8.686,54.738
5.828,203.420,3.000,46.691,2.000,2.000,0.000,4.000,77.078,19.163,45.863
6.424,98.711,5.000,61.606,10.000,3.000,1.000,3.000,71.818,13.480,57.017
5.768,115.103,7.000,55.743,3.000,2.000,0.000,4.000,56.260,18.150,47.708
5.577,174.674,3.000,37.899,7.000,1.000,1.000,3.000,95.930,20.419,50.912
5.106,161.195,1.000,54.191,4.000,4.000,0.000,4.000,85.550,22.411,52.622
5.277,58.080,9.000,54.509,5.000,1.000,0.000,4.000,73.749,11.461,44.609
5.873,456.219,8.000,66.547,10.000,1.000,3.000,4.000,48.615,12.772,75.204
5.267,498.018,2.000,98.065,6.000,1.000,0.000,2.000,77.126,21.409,52.200
7.956,446.724,4.000,62.901,5.000,2.000,0.000,2.000,79.703,16.710,60.956
8.404,508.977,3.000,94.010,5.000,3.000,0.000,4.000,72.782,9.247,59.727
6.968,740.691,10.000,62.309,3.000,4.000,0.000,10.000,76.467,12.985,71.936
6.590,100.310,10.000,37.528,6.000,2.000,0.000,8.000,45.545,24.977,56.251
7.523,720.603,7.000,46.111,6.000,1.000,1.000,3.000,56.775,7.627,58.037
9.375,144.637,5.000,58.526,1.000,3.000,0.000,11.000,92.898,13.806,55.009
9.256,297.269,1.000,52.776,5.000,2.000,1.000,6.000,43.912,5.927,53.759
5.217,44.999,3.000,90.608,7.000,3.000,1.000,5.000,73.330,26.217,48.726
5.907,130.337,1.000,77.505,1.000,3.000,2.000,6.000,93.348,49.662,51.694
6.184,372.243,8.000,70.482,10.000,0.000,1.000,6.000,35.920,30.146,65.715
6.247,307.052,1.000,64.386,9.000,4.000,2.000,6.000,97.863,10.216,69.489
7.856,142.444,7.000,57.809,7.000,1.000,2.000,6.000,92.417,10.182,64.521
7.081,203.353,10.000,72.853,1.000,2.000,0.000,4.000,81.479,25.433,58.039
5.246,119.451,4.000,38.723,6.000,7.000,2.000,5.000,81.094,23.682,57.211
6.868,371.564,7.000,41.377,9.000,2.000,0.000,3.000,91.402,32.592,62.915
7.619,476.070,9.000,51.218,1.000,5.000,1.000,5.000,46.115,14.230,72.343
5.508,100.695,5.000,41.983,8.000,1.000,1.000,5.000,80.496,6.911,51.005
9.167,188.481,5.000,77.397,9.000,2.000,0.000,4.000,57.324,14.431,52.802
5.260,55.796,3.000,31.734,1.000,4.000,1.000,3.000,91.917,13.173,43.182
9.624,226.498,5.000,41.212,3.000,2.000,1.000,7.000,69.667,43.875,55.490
5.496,276.205,9.000,93.183,8.000,2.000,0.000,4.000,84.778,20.580,66.333
9.218,239.835,7.000,99.828,10.000,1.000,1.000,4.000,45.857,4.127,60.875
9.513,261.391,3.000,64.131,8.000,4.000,2.000,4.000,50.733,21.036,63.539
9.898,173.871,6.000,64.676,6.000,3.000,1.000,6.000,89.481,26.361,66.823
9.010,177.002,8.000,84.138,7.000,0.000,1.000,3.000,60.690,24.099,65.233
8.897,170.872,1.000,32.533,6.000,1.000,1.000,4.000,69.309,23.303,44.389
8.212,127.166,8.000,59.892,6.000,5.000,1.000,3.000,82.160,16.530,66.236
8.895,140.144,3.000,36.988,8.000,4.000,0.000,4.000,46.030,12.788,53.942
5.673,267.600,3.000,58.065,1.000,3.000,0.000,4.000,54.664,6.630,45.125
7.680,456.533,5.000,98.868,3.000,2.000,0.000,1.000,56.167,33.819,64.801
7.571,85.908,6.000,82.754,1.000,2.000,0.000,7.000,94.584,19.525,52.850
9.288,176.505,10.000,98.953,8.000,2.000,0.000,4.000,43.943,10.361,68.728
7.314,70.336,3.000,82.223,8.000,1.000,1.000,4.000,59.136,15.489,45.717
6.925,129.052,3.000,72.568,1.000,3.000,0.000,7.000,97.356,6.674,47.299
8.198,146.760,4.000,82.795,2.000,3.000,2.000,6.000,89.267,15.408,62.744
6.332,215.232,9.000,76.136,3.000,2.000,0.000,5.000,78.580,28.504,57.864
5.699,210.945,10.000,62.485,3.000,3.000,1.000,5.000,70.681,21.089,55.154
7.389,187.232,5.000,50.478,6.000,5.000,3.000,2.000,89.517,25.853,62.120
7.084,252.672,7.000,66.412,5.000,6.000,2.000,4.000,96.516,24.773,71.058
6.163,93.355,10.000,48.095,4.000,3.000,2.000,4.000,95.065,18.584,64.843
6.838,216.514,9.000,64.067,2.000,2.000,0.000,4.000,76.543,13.315,53.002
6.832,313.004,7.000,40.229,7.000,1.000,0.000,3.000,82.312,11.598,55.726
6.637,92.338,6.000,69.578,8.000,0.000,0.000,5.000,85.395,32.498,49.760
6.897,36.243,10.000,47.170,7.000,2.000,2.000,4.000,87.608,19.925,62.386
8.429,369.587,3.000,50.553,9.000,2.000,0.000,5.000,82.650,19.079,62.061
6.484,72.461,4.000,64.932,10.000,1.000,0.000,4.000,46.697,19.857,45.380
9.744,124.002,8.000,41.377,9.000,1.000,2.000,8.000,84.373,12.330,68.047
9.582,306.993,1.000,97.367,7.000,1.000,0.000,4.000,60.375,18.418,58.022
7.405,88.281,6.000,61.286,1.000,1.000,3.000,5.000,47.987,9.729,43.073
6.642,352.908,9.000,54.660,4.000,1.000,0.000,7.000,41.665,10.971,58.370
7.677,109.748,2.000,32.044,5.000,0.000,1.000,4.000,50.620,21.590,35.602
9.243,98.721,9.000,89.028,8.000,2.000,2.000,2.000,68.004,19.521,63.668
8.263,70.661,5.000,73.808,9.000,1.000,1.000,2.000,51.047,21.981,55.372
9.022,110.572,9.000,59.148,7.000,1.000,1.000,3.000,78.284,23.769,65.871
7.664,279.672,7.000,47.187,4.000,2.000,1.000,2.000,97.686,12.409,57.993
8.165,124.020,2.000,82.160,8.000,3.000,2.000,5.000,37.863,14.753,62.094
6.441,370.583,8.000,96.183,7.000,2.000,2.000,5.000,43.492,21.050,73.096
8.674,192.835,1.000,56.657,8.000,2.000,0.000,6.000,51.073,9.012,47.039
6.012,205.259,3.000,39.441,6.000,2.000,2.000,11.000,87.284,1.683,59.455
8.474,96.168,9.000,37.644,7.000,5.000,0.000,6.000,52.633,4.900,55.287
9.304,406.848,9.000,30.445,4.000,4.000,2.000,6.000,47.449,10.706,76.626
5.661,314.710,1.000,82.077,4.000,5.000,1.000,7.000,44.936,12.533,55.719
8.072,308.803,4.000,98.698,3.000,4.000,1.000,6.000,44.745,18.004,62.658
5.475,166.504,1.000,99.497,3.000,3.000,0.000,1.000,81.788,26.596,44.944
8.629,62.756,3.000,84.894,7.000,4.000,2.000,4.000,81.028,12.980,55.146
5.422,213.177,10.000,41.353,4.000,4.000,3.000,6.000,55.224,10.188,69.135
9.680,271.663,2.000,98.440,2.000,3.000,0.000,8.000,64.214,6.647,54.762
5.687,273.510,7.000,52.947,1.000,3.000,2.000,6.000,75.832,9.477,59.705
9.794,248.952,9.000,53.353,9.000,2.000,1.000,9.000,98.379,9.383,71.960
9.004,241.871,9.000,78.114,5.000,5.000,1.000,3.000,83.305,15.945,72.147
7.968,109.306,4.000,33.433,6.000,2.000,0.000,6.000,87.197,9.410,48.721
8.913,113.772,7.000,87.804,10.000,4.000,1.000,9.000,98.552,12.147,73.494
8.976,71.295,5.000,99.811,2.000,3.000,1.000,5.000,59.771,11.395,55.038
9.730,373.404,2.000,84.255,10.000,2.000,0.000,4.000,39.491,14.986,62.298
6.267,606.567,3.000,84.717,8.000,3.000,0.000,2.000,83.548,20.421,63.708
7.950,982.812,8.000,57.322,7.000,1.000,1.000,6.000,42.871,18.400,70.207
5.475,223.749,7.000,34.614,5.000,1.000,0.000,7.000,63.509,8.322,47.314
8.081,242.297,6.000,85.487,8.000,3.000,1.000,2.000,82.994,10.539,62.277
5.856,171.531,8.000,71.801,3.000,2.000,0.000,3.000,71.293,22.627,52.968
7.825,221.284,7.000,93.654,4.000,0.000,2.000,4.000,58.864,25.686,61.114
7.862,87.980,4.000,38.117,10.000,3.000,0.000,3.000,68.433,6.030,48.494
7.330,168.947,3.000,51.359,3.000,5.000,0.000,6.000,50.940,5.471,49.164
7.613,99.408,10.000,55.246,8.000,5.000,0.000,5.000,39.819,33.074,65.700
8.820,152.933,10.000,77.830,10.000,1.000,1.000,6.000,61.812,6.697,65.788
8.996,106.599,1.000,85.142,6.000,3.000,0.000,7.000,38.790,8.935,46.969
7.461,271.760,8.000,97.271,3.000,0.000,1.000,2.000,98.678,12.345,58.458
7.998,295.210,2.000,50.679,9.000,1.000,0.000,1.000,64.096,8.714,49.461
9.656,237.150,9.000,64.555,9.000,5.000,0.000,7.000,92.354,9.047,73.819
5.599,114.161,6.000,32.027,6.000,2.000,1.000,2.000,96.866,9.071,48.319
5.586,66.828,7.000,47.709,2.000,4.000,0.000,9.000,64.209,15.923,47.433
5.439,297.440,8.000,56.180,5.000,3.000,0.000,7.000,62.323,4.719,57.313
8.289,192.090,7.000,71.566,5.000,2.000,1.000,6.000,93.073,22.633,64.953
7.093,34.622,3.000,62.959,2.000,1.000,1.000,4.000,37.254,1.900,33.678
8.872,211.927,9.000,55.513,5.000,3.000,1.000,4.000,66.668,5.479,58.813
8.356,243.550,6.000,73.685,2.000,4.000,2.000,5.000,52.460,31.007,65.497
6.668,47.686,6.000,88.003,7.000,1.000,0.000,3.000,83.929,10.800,45.239
9.492,274.975,4.000,46.918,5.000,2.000,1.000,6.000,89.387,10.216,61.934
8.813,55.207,1.000,54.001,8.000,5.000,0.000,2.000,75.300,4.003,45.341
6.353,104.264,6.000,79.345,5.000,1.000,1.000,4.000,61.451,3.701,48.330
6.821,55.565,4.000,84.456,8.000,2.000,0.000,6.000,71.075,13.971,50.006
6.572,95.392,7.000,87.778,8.000,2.000,1.000,3.000,72.319,3.954,54.133
5.788,67.366,4.000,44.653,2.000,4.000,1.000,5.000,76.284,8.833,44.648
5.739,371.859,10.000,67.749,5.000,3.000,1.000,5.000,94.943,19.808,75.842
9.681,159.858,7.000,93.001,8.000,2.000,1.000,6.000,51.193,15.677,64.641
7.190,135.154,5.000,57.437,6.000,3.000,0.000,2.000,48.102,11.673,49.291
6.917,395.024,8.000,60.092,3.000,3.000,1.000,4.000,47.365,14.759,65.541
8.648,381.886,7.000,98.938,9.000,1.000,1.000,4.000,80.321,20.077,74.808
7.765,143.634,7.000,37.914,2.000,3.000,0.000,3.000,93.818,10.621,50.105
9.681,233.961,6.000,79.392,10.000,2.000,0.000,3.000,56.241,22.275,62.852
8.902,121.324,10.000,89.513,8.000,1.000,0.000,4.000,62.344,13.958,59.647
7.397,178.388,4.000,40.556,4.000,2.000,0.000,6.000,97.932,25.094,53.710
6.882,78.713,5.000,80.012,2.000,4.000,0.000,5.000,44.443,14.679,52.331
9.933,257.903,3.000,62.882,10.000,4.000,0.000,2.000,92.171,5.504,64.177
8.589,405.192,6.000,89.702,6.000,4.000,2.000,3.000,97.354,8.701,70.493
9.756,359.725,10.000,93.522,9.000,3.000,0.000,2.000,86.968,13.599,75.718
5.592,198.575,7.000,91.074,9.000,5.000,0.000,3.000,56.866,48.344,66.099
9.253,31.070,3.000,34.507,1.000,2.000,0.000,2.000,77.483,8.283,30.667
8.185,116.906,10.000,82.980,7.000,2.000,1.000,6.000,53.942,41.906,64.343
5.610,178.224,8.000,94.507,4.000,8.000,2.000,10.000,42.854,23.529,70.444
7.941,59.557,5.000,73.494,10.000,2.000,0.000,4.000,41.979,24.142,54.334
8.430,50.221,2.000,72.061,3.000,3.000,0.000,5.000,35.607,20.125,43.591
5.062,478.275,5.000,33.150,1.000,4.000,0.000,6.000,98.593,39.856,59.428
7.272,332.498,9.000,89.922,7.000,3.000,1.000,6.000,77.580,9.184,73.189
9.127,271.607,6.000,33.248,6.000,1.000,0.000,1.000,55.880,23.093,50.328
6.477,307.366,2.000,51.946,6.000,6.000,0.000,2.000,72.640,6.221,53.092
7.293,69.395,2.000,94.810,3.000,4.000,1.000,3.000,75.240,9.245,49.587
7.212,92.722,10.000,96.482,5.000,4.000,1.000,4.000,46.890,20.994,68.492
6.510,224.220,5.000,99.433,10.000,2.000,0.000,3.000,53.776,24.450,61.484
9.592,236.592,7.000,63.348,8.000,1.000,1.000,6.000,70.573,17.924,61.721
8.906,56.310,4.000,42.420,10.000,2.000,0.000,4.000,89.587,3.473,47.409
5.553,213.225,1.000,64.156,4.000,3.000,1.000,3.000,43.423,8.136,46.491
9.985,180.621,5.000,37.162,9.000,0.000,0.000,3.000,90.792,5.509,44.794
9.396,352.223,7.000,91.078,4.000,10.000,0.000,4.000,74.584,13.119,68.639
6.420,237.401,4.000,69.238,10.000,2.000,1.000,2.000,66.828,5.436,57.142
9.184,513.497,7.000,58.315,9.000,4.000,2.000,9.000,44.356,9.471,86.120
5.532,144.256,5.000,35.567,2.000,3.000,1.000,4.000,70.744,9.306,44.386
9.996,73.676,4.000,58.367,10.000,4.000,1.000,7.000,57.986,27.848,64.750
8.328,504.857,3.000,90.633,7.000,4.000,0.000,5.000,47.283,9.953,69.103
8.251,246.025,3.000,79.238,8.000,4.000,0.000,5.000,92.198,41.178,64.106
5.452,181.398,3.000,35.772,6.000,5.000,1.000,6.000,64.937,10.871,55.469
9.485,95.683,8.000,41.194,3.000,0.000,0.000,4.000,40.184,19.325,44.652
5.145,145.547,4.000,57.462,10.000,4.000,1.000,2.000,54.639,16.370,56.639
6.204,139.729,8.000,37.096,2.000,0.000,0.000,2.000,46.798,14.965,39.728
5.715,70.789,4.000,95.383,9.000,2.000,0.000,5.000,96.051,23.274,54.772
8.884,21.325,4.000,75.660,3.000,1.000,3.000,4.000,50.799,13.709,51.337
5.991,137.207,10.000,36.638,8.000,2.000,0.000,5.000,67.916,9.466,50.739
9.553,312.601,9.000,85.164,5.000,6.000,0.000,6.000,83.459,21.123,74.527
8.281,427.640,5.000,55.788,3.000,3.000,1.000,2.000,45.303,7.191,57.566
5.181,361.264,3.000,47.141,3.000,2.000,1.000,4.000,63.437,11.189,50.365
5.027,375.049,8.000,69.899,4.000,3.000,1.000,4.000,77.463,23.240,71.421
5.258,78.458,1.000,30.936,10.000,2.000,0.000,5.000,92.327,12.881,41.718
8.030,227.181,5.000,62.578,8.000,1.000,1.000,5.000,77.517,18.346,60.908
9.007,273.041,6.000,89.066,7.000,0.000,1.000,3.000,40.205,16.624,58.928
6.193,284.902,7.000,94.964,7.000,2.000,1.000,4.000,55.901,9.865,65.413
9.247,178.466,2.000,53.979,5.000,3.000,0.000,2.000,57.811,13.177,46.210
5.286,208.146,1.000,74.971,10.000,2.000,0.000,4.000,60.238,6.959,48.452
9.005,354.284,3.000,45.878,3.000,2.000,0.000,4.000,96.205,25.469,55.931
9.639,266.406,2.000,69.215,10.000,4.000,1.000,7.000,37.321,11.424,63.014
8.861,300.321,6.000,47.782,4.000,2.000,0.000,5.000,54.641,26.559,61.896
8.491,132.349,10.000,69.995,4.000,4.000,0.000,2.000,67.010,12.471,58.062
9.190,289.864,3.000,42.021,5.000,1.000,3.000,6.000,40.616,19.151,55.309
5.201,206.196,5.000,95.886,8.000,1.000,1.000,5.000,66.430,7.028,53.373
6.009,331.173,3.000,92.084,8.000,2.000,1.000,6.000,41.963,24.333,64.426
5.625,109.276,1.000,53.584,8.000,2.000,3.000,4.000,89.456,12.820,48.961
7.523,313.620,8.000,84.366,1.000,5.000,0.000,10.000,52.555,10.344,68.610
8.726,147.067,3.000,36.685,2.000,6.000,0.000,3.000,68.996,6.461,44.925
8.150,314.575,6.000,81.825,9.000,4.000,0.000,4.000,75.191,54.026,71.869
9.256,228.204,7.000,49.772,10.000,4.000,0.000,3.000,54.872,5.646,61.085
5.776,195.567,9.000,39.495,2.000,4.000,1.000,5.000,57.835,40.509,60.725
8.673,153.198,2.000,77.473,10.000,1.000,2.000,4.000,68.184,33.493,61.347
5.965,181.969,6.000,62.886,3.000,6.000,0.000,2.000,87.353,5.389,50.797
6.354,137.456,10.000,67.110,10.000,3.000,0.000,7.000,64.425,13.575,65.709
8.550,150.803,5.000,66.437,10.000,3.000,0.000,5.000,66.908,12.827,56.772
9.901,261.592,1.000,34.161,7.000,4.000,2.000,3.000,73.731,13.834,66.628
8.058,40.887,3.000,33.597,2.000,2.000,1.000,4.000,62.639,16.586,39.080
5.273,311.736,8.000,72.082,8.000,2.000,3.000,1.000,82.195,26.815,67.647
8.082,315.214,8.000,73.671,2.000,3.000,0.000,6.000,35.319,6.276,55.511
5.212,156.685,4.000,33.302,4.000,2.000,1.000,3.000,66.396,12.898,43.159
9.421,211.997,2.000,56.491,7.000,3.000,0.000,4.000,94.996,10.416,58.896
8.548,87.316,3.000,72.900,1.000,5.000,1.000,6.000,75.034,9.686,49.453
5.866,250.184,3.000,75.968,4.000,4.000,0.000,5.000,66.616,14.204,52.945
5.459,96.806,8.000,87.979,8.000,3.000,0.000,3.000,85.182,12.097,60.227
5.918,7.359,9.000,59.451,1.000,2.000,3.000,8.000,60.545,2.229,51.830
9.900,417.123,1.000,68.378,4.000,3.000,0.000,3.000,65.371,16.744,58.296
7.293,79.143,8.000,70.499,1.000,1.000,2.000,5.000,47.685,3.475,48.475
8.920,179.127,8.000,51.843,7.000,4.000,2.000,3.000,43.073,25.143,67.306
8.182,217.686,7.000,33.768,1.000,4.000,1.000,5.000,36.659,15.130,53.648
7.862,261.198,9.000,30.296,3.000,1.000,2.000,1.000,82.548,11.472,53.791
5.726,190.796,1.000,88.529,6.000,3.000,1.000,3.000,65.432,5.237,48.502
9.730,231.216,7.000,44.016,3.000,2.000,0.000,3.000,96.058,17.046,54.594
6.507,153.930,2.000,74.118,3.000,1.000,2.000,7.000,46.493,13.598,45.732
7.890,48.841,9.000,70.393,9.000,3.000,1.000,5.000,50.859,14.181,63.541
8.499,185.538,5.000,57.974,8.000,0.000,0.000,7.000,76.517,15.409,51.050
8.246,285.779,1.000,88.345,1.000,0.000,1.000,6.000,38.549,20.090,44.797
9.703,83.426,8.000,78.888,9.000,2.000,1.000,6.000,67.722,16.703,63.973
5.742,219.257,8.000,31.592,5.000,3.000,2.000,8.000,43.033,32.102,65.188
7.542,578.878,5.000,84.369,2.000,2.000,2.000,5.000,45.491,20.054,65.944
7.020,176.806,4.000,65.490,10.000,1.000,1.000,5.000,68.286,16.458,53.255
7.371,183.485,1.000,54.291,4.000,2.000,0.000,3.000,71.990,14.547,42.760
5.596,44.924,10.000,80.882,4.000,3.000,0.000,6.000,48.782,7.565,53.063
5.670,75.043,2.000,78.025,2.000,2.000,2.000,4.000,52.631,4.710,41.955
6.390,97.694,9.000,51.741,9.000,7.000,0.000,8.000,53.467,1.881,60.282
6.524,278.327,6.000,98.813,3.000,5.000,0.000,4.000,44.218,19.410,61.207
7.140,88.405,7.000,75.410,6.000,3.000,0.000,2.000,97.772,13.740,53.865
8.055,30.490,7.000,72.405,3.000,3.000,0.000,5.000,79.993,20.376,53.189
8.173,246.656,9.000,34.892,9.000,1.000,0.000,1.000,42.205,30.875,61.395
7.059,105.211,1.000,49.552,8.000,3.000,1.000,5.000,58.215,12.937,47.369
7.044,46.722,10.000,61.288,6.000,4.000,1.000,4.000,46.219,5.494,57.335
6.088,301.381,1.000,74.144,4.000,1.000,2.000,5.000,50.235,23.888,55.042
7.942,140.916,10.000,65.893,7.000,4.000,0.000,4.000,96.066,12.221,64.981
6.585,262.524,3.000,83.412,5.000,4.000,1.000,6.000,43.889,9.431,56.631
5.180,45.113,9.000,48.380,10.000,1.000,1.000,2.000,92.188,8.935,54.792
7.092,18.699,1.000,79.151,7.000,2.000,1.000,3.000,89.719,19.289,45.397
7.371,204.911,5.000,87.162,1.000,1.000,2.000,5.000,83.338,19.111,59.086
6.128,72.677,6.000,83.553,9.000,4.000,1.000,4.000,67.287,27.209,62.799
7.862,202.843,10.000,83.959,2.000,4.000,0.000,5.000,51.794,6.641,58.604
7.829,205.959,2.000,92.195,4.000,1.000,0.000,6.000,89.014,6.563,46.859
8.510,187.761,1.000,35.892,5.000,2.000,0.000,3.000,89.215,15.578,45.023
8.240,373.106,7.000,78.803,3.000,1.000,0.000,5.000,69.146,16.653,60.694
8.262,895.665,1.000,97.807,10.000,0.000,1.000,6.000,38.095,25.113,64.379
6.581,243.682,8.000,70.156,10.000,0.000,1.000,4.000,47.542,26.158,61.687
8.937,578.517,1.000,45.212,2.000,1.000,1.000,6.000,38.645,15.203,52.399
7.746,143.858,10.000,99.913,4.000,3.000,0.000,5.000,46.689,27.136,59.422
7.157,60.762,6.000,42.227,4.000,2.000,3.000,6.000,68.047,13.414,50.019
8.130,111.066,10.000,53.489,7.000,2.000,3.000,5.000,90.521,13.523,66.965
6.803,150.480,2.000,42.044,6.000,3.000,0.000,1.000,77.460,11.980,41.761
7.564,609.588,3.000,62.516,7.000,2.000,0.000,8.000,74.059,6.352,58.924
8.684,195.545,5.000,59.321,1.000,4.000,1.000,5.000,83.617,4.490,52.521
9.432,382.218,1.000,64.387,6.000,1.000,0.000,8.000,76.594,15.398,55.952
9.605,134.816,2.000,94.959,3.000,2.000,2.000,3.000,63.823,24.153,55.866
7.518,122.357,4.000,63.483,3.000,6.000,1.000,4.000,87.999,9.164,51.446
7.601,43.251,8.000,66.024,8.000,2.000,1.000,5.000,55.162,25.907,57.337
8.999,597.224,8.000,92.068,2.000,1.000,0.000,5.000,95.327,30.142,66.006
6.572,466.083,1.000,87.243,1.000,3.000,1.000,5.000,42.552,11.176,56.145
9.187,220.852,1.000,46.781,5.000,3.000,2.000,4.000,76.449,3.729,56.117
7.471,157.245,7.000,30.905,8.000,0.000,0.000,6.000,67.534,11.938,47.939
5.579,200.926,4.000,74.065,6.000,3.000,0.000,3.000,62.675,6.963,50.811
5.360,58.478,8.000,89.139,2.000,0.000,0.000,5.000,62.932,24.243,44.600
9.210,262.184,3.000,68.700,8.000,4.000,2.000,6.000,37.743,15.846,71.136
5.278,441.546,4.000,44.782,4.000,2.000,0.000,0.000,83.848,3.691,48.742
6.403,455.917,3.000,81.895,8.000,2.000,3.000,2.000,57.903,18.359,65.529
6.671,45.134,3.000,76.868,3.000,5.000,1.000,8.000,65.981,25.177,57.512
5.865,379.913,8.000,69.552,10.000,3.000,1.000,4.000,90.094,14.683,73.442
6.569,58.853,5.000,90.434,3.000,0.000,1.000,6.000,72.512,10.453,44.745
8.713,20.451,7.000,84.897,10.000,1.000,1.000,4.000,90.343,17.566,63.127
5.073,389.301,1.000,76.757,4.000,0.000,1.000,3.000,43.910,33.972,50.293
9.136,126.460,6.000,76.533,8.000,4.000,1.000,4.000,53.318,27.538,64.407
9.283,354.025,5.000,76.354,6.000,4.000,2.000,3.000,49.816,5.779,67.448
6.861,333.419,10.000,66.762,1.000,1.000,0.000,3.000,92.612,15.732,54.744
5.768,305.773,5.000,62.475,1.000,1.000,0.000,4.000,85.801,7.165,49.555
8.004,199.165,2.000,79.672,5.000,5.000,0.000,5.000,89.217,10.306,51.728
5.598,65.190,7.000,72.735,2.000,2.000,1.000,4.000,71.964,28.725,52.473
6.825,150.726,2.000,64.299,7.000,2.000,0.000,5.000,49.349,15.689,42.394
9.792,460.825,10.000,38.866,2.000,1.000,0.000,4.000,59.505,7.607,65.374
9.977,360.072,4.000,79.135,6.000,2.000,0.000,4.000,70.770,11.804,57.307
8.861,156.797,8.000,75.220,3.000,6.000,0.000,3.000,36.234,21.463,58.196
6.555,155.332,7.000,53.957,2.000,3.000,1.000,5.000,76.577,9.911,56.493
8.438,287.713,5.000,54.943,4.000,2.000,2.000,3.000,90.567,16.200,60.262
8.527,209.616,6.000,47.271,6.000,3.000,2.000,6.000,56.166,10.419,64.508
6.939,162.984,2.000,97.334,4.000,2.000,0.000,6.000,79.186,11.096,46.920
8.204,271.622,1.000,90.214,4.000,1.000,1.000,5.000,66.432,30.365,54.709
5.054,265.498,8.000,69.273,4.000,2.000,1.000,2.000,35.259,15.370,58.267
6.045,113.573,10.000,58.116,4.000,1.000,0.000,6.000,53.459,19.385,50.642
7.625,239.774,9.000,81.578,5.000,4.000,1.000,2.000,69.311,15.206,72.102
5.819,254.550,4.000,66.941,9.000,4.000,0.000,5.000,82.119,5.038,60.564
5.830,188.390,4.000,98.310,6.000,2.000,1.000,2.000,61.132,6.699,56.471
9.182,103.882,4.000,33.859,5.000,2.000,0.000,3.000,47.106,30.274,43.102
9.946,147.171,8.000,32.400,8.000,5.000,0.000,5.000,38.968,28.458,61.771
7.780,87.036,7.000,69.803,6.000,4.000,2.000,4.000,81.455,14.901,64.441
9.195,244.318,8.000,44.230,10.000,6.000,3.000,3.000,58.728,8.398,69.944
9.952,45.396,10.000,72.301,6.000,7.000,2.000,3.000,77.062,4.302,69.316
5.708,491.524,4.000,84.700,3.000,1.000,0.000,1.000,49.414,43.494,51.800
7.241,428.231,7.000,39.668,6.000,0.000,0.000,4.000,84.055,6.434,52.574
6.963,258.738,6.000,60.843,8.000,2.000,2.000,11.000,57.385,8.854,65.073
5.400,346.289,10.000,78.207,3.000,4.000,3.000,3.000,38.404,9.829,67.863
8.777,331.161,4.000,88.370,3.000,2.000,0.000,4.000,68.165,8.283,56.845
7.169,211.916,2.000,64.744,6.000,1.000,1.000,4.000,82.544,14.137,50.986
7.347,166.403,4.000,44.431,9.000,4.000,0.000,6.000,95.612,40.619,61.763
5.753,152.584,7.000,71.006,4.000,7.000,0.000,1.000,98.106,12.862,53.988
5.905,503.155,10.000,61.816,6.000,2.000,0.000,5.000,64.667,16.929,67.161
9.536,100.816,9.000,84.035,7.000,0.000,0.000,8.000,74.772,20.201,64.066
5.223,102.473,1.000,68.890,7.000,0.000,0.000,1.000,71.219,23.063,36.158
6.164,366.533,6.000,49.560,2.000,1.000,1.000,4.000,69.680,14.910,56.686
6.460,344.093,2.000,82.808,4.000,4.000,1.000,7.000,42.445,7.802,58.097
7.451,159.230,4.000,66.242,10.000,2.000,3.000,4.000,78.606,20.341,67.572
7.932,277.865,10.000,42.428,9.000,7.000,1.000,4.000,97.743,33.903,75.759
7.466,302.900,10.000,69.415,8.000,3.000,0.000,4.000,43.242,4.183,67.778
5.421,62.274,2.000,96.382,1.000,1.000,1.000,8.000,55.271,9.514,36.840
6.218,446.127,2.000,79.386,5.000,2.000,0.000,2.000,40.008,17.484,57.493
9.218,302.829,7.000,50.916,1.000,0.000,1.000,1.000,61.181,20.798,53.531
8.188,262.040,5.000,79.761,4.000,1.000,1.000,2.000,66.309,10.915,49.050
8.246,304.408,5.000,49.782,9.000,3.000,0.000,1.000,58.271,22.954,59.162
8.351,240.826,9.000,67.988,4.000,3.000,0.000,3.000,65.978,27.110,65.234
8.815,180.585,10.000,66.862,2.000,6.000,1.000,3.000,87.193,17.486,68.000
5.291,213.258,10.000,47.317,8.000,2.000,1.000,4.000,48.905,22.462,65.251
6.833,57.071,8.000,54.352,8.000,8.000,0.000,5.000,84.268,12.887,59.291
7.698,631.586,10.000,95.953,7.000,3.000,1.000,2.000,86.564,6.199,75.883
6.692,178.368,8.000,47.542,9.000,2.000,0.000,2.000,72.774,7.616,57.745
9.222,624.772,9.000,86.072,8.000,1.000,1.000,3.000,55.496,37.563,72.793
7.413,215.829,6.000,76.716,7.000,3.000,0.000,5.000,95.873,27.276,64.795
8.843,121.462,1.000,67.284,9.000,5.000,0.000,3.000,58.654,7.269,48.557
9.260,437.885,9.000,39.626,4.000,4.000,3.000,2.000,38.245,6.783,68.982
7.524,254.833,10.000,44.320,5.000,0.000,3.000,7.000,43.846,20.611,62.474
9.548,776.353,4.000,42.528,6.000,3.000,0.000,7.000,92.953,54.896,66.044
7.936,119.003,5.000,71.076,7.000,4.000,2.000,3.000,44.748,15.211,62.750
9.251,449.755,6.000,98.137,5.000,3.000,2.000,6.000,64.081,8.561,71.234
6.703,465.171,7.000,91.407,5.000,5.000,1.000,2.000,79.978,23.723,75.399
7.494,319.881,7.000,31.768,2.000,1.000,4.000,5.000,72.287,29.580,59.223
7.657,467.664,4.000,49.161,7.000,1.000,1.000,7.000,77.469,20.624,64.230
5.525,181.401,9.000,41.008,2.000,2.000,0.000,8.000,57.673,18.922,52.033
6.993,100.397,9.000,98.297,5.000,1.000,1.000,7.000,78.045,7.176,57.093
9.587,130.238,10.000,46.493,5.000,4.000,1.000,5.000,35.591,23.986,69.261
8.154,205.404,6.000,44.092,8.000,1.000,0.000,5.000,52.111,20.845,53.262
5.888,330.894,1.000,73.461,5.000,2.000,0.000,6.000,43.034,11.651,50.102
6.694,106.306,9.000,68.933,1.000,1.000,0.000,7.000,64.592,5.748,47.843
5.958,152.687,1.000,45.810,6.000,3.000,0.000,5.000,44.479,11.014,41.064
5.124,113.382,2.000,76.926,3.000,2.000,0.000,5.000,70.579,14.525,37.165
9.637,370.460,3.000,36.791,4.000,7.000,1.000,3.000,46.743,21.652,59.230
7.241,621.651,2.000,31.356,3.000,4.000,1.000,3.000,61.927,23.911,61.734
6.538,86.575,8.000,35.769,2.000,3.000,4.000,6.000,39.824,13.646,54.414
7.992,286.794,5.000,55.541,10.000,2.000,0.000,4.000,63.599,12.943,60.168
5.037,401.160,3.000,98.251,3.000,4.000,1.000,3.000,87.519,26.328,64.588
6.390,169.815,1.000,68.307,6.000,1.000,2.000,4.000,55.599,17.868,52.940
8.515,60.022,3.000,82.831,9.000,2.000,1.000,5.000,80.911,20.698,54.432
8.169,435.251,7.000,52.505,4.000,2.000,1.000,2.000,62.689,11.729,62.347
9.909,56.544,8.000,80.354,10.000,3.000,1.000,5.000,50.224,26.030,69.473
8.102,519.009,3.000,97.633,5.000,2.000,0.000,5.000,54.726,9.870,55.124
7.388,111.449,1.000,55.043,10.000,2.000,2.000,4.000,54.668,40.485,53.130
8.807,48.836,6.000,99.934,5.000,2.000,0.000,6.000,83.255,6.618,50.827
9.517,137.950,8.000,74.689,1.000,2.000,0.000,6.000,48.061,15.150,54.112
8.603,193.813,1.000,82.401,9.000,3.000,2.000,6.000,98.555,6.228,62.171
9.816,223.980,8.000,47.652,9.000,2.000,0.000,6.000,79.686,19.864,62.619
8.910,303.158,2.000,75.016,10.000,3.000,1.000,5.000,61.075,27.900,63.932
9.334,238.353,3.000,65.770,2.000,6.000,0.000,5.000,99.870,20.760,55.543
5.571,589.712,7.000,96.948,9.000,4.000,1.000,2.000,49.051,11.332,69.624
8.662,187.256,1.000,93.327,4.000,2.000,1.000,7.000,84.589,6.225,53.689
7.200,247.226,4.000,57.767,9.000,4.000,1.000,6.000,52.611,11.255,65.592
7.766,233.056,2.000,96.281,10.000,2.000,0.000,4.000,70.332,21.093,58.756
8.271,43.218,3.000,91.937,2.000,2.000,1.000,3.000,38.537,7.646,39.949
9.849,73.062,8.000,71.327,4.000,1.000,1.000,3.000,90.020,4.737,54.183
9.923,205.999,3.000,35.748,3.000,2.000,1.000,2.000,58.800,12.747,48.606
6.441,268.270,1.000,41.255,4.000,2.000,0.000,3.000,72.992,6.368,38.556
8.669,27.555,3.000,35.381,6.000,2.000,1.000,10.000,95.273,17.389,49.176
8.750,606.964,1.000,37.560,5.000,3.000,2.000,5.000,36.966,13.668,61.364
6.732,283.179,7.000,98.387,7.000,4.000,1.000,4.000,97.921,12.466,73.337
5.619,197.765,10.000,44.852,7.000,4.000,2.000,3.000,69.137,43.331,73.427
5.205,274.379,2.000,78.360,3.000,6.000,0.000,4.000,85.749,18.897,51.135
8.887,131.873,8.000,74.557,1.000,2.000,0.000,9.000,65.748,2.151,49.411
7.448,225.694,4.000,74.180,8.000,0.000,1.000,1.000,88.034,39.996,56.675
9.928,251.375,1.000,44.469,2.000,2.000,1.000,3.000,92.236,15.070,46.953
7.325,438.573,7.000,70.554,2.000,3.000,2.000,3.000,59.809,11.724,63.075
9.890,175.213,3.000,73.788,7.000,1.000,0.000,2.000,81.971,16.690,48.716
7.058,58.022,6.000,69.928,3.000,3.000,1.000,3.000,99.910,6.822,50.090
8.968,98.221,6.000,43.031,2.000,1.000,3.000,6.000,84.214,13.360,55.825
5.424,164.937,6.000,80.614,4.000,4.000,2.000,3.000,97.197,25.594,63.485
7.777,64.219,2.000,35.127,6.000,4.000,0.000,11.000,82.880,12.169,49.475
9.010,89.434,3.000,71.384,9.000,1.000,0.000,4.000,56.443,10.412,51.469
9.624,98.985,8.000,60.538,10.000,4.000,1.000,4.000,88.765,9.055,65.785
9.113,156.714,10.000,47.520,8.000,2.000,0.000,7.000,78.312,23.393,67.906
5.185,280.680,1.000,86.517,9.000,3.000,1.000,2.000,37.149,17.611,54.048
6.864,151.172,5.000,42.312,6.000,0.000,3.000,3.000,46.208,40.056,51.257
5.243,293.652,9.000,95.309,5.000,2.000,1.000,3.000,51.983,36.579,72.043
5.546,197.898,3.000,91.920,9.000,0.000,3.000,2.000,83.332,12.683,56.591
8.377,92.039,5.000,55.241,4.000,1.000,0.000,2.000,86.814,20.376,45.077
8.566,254.295,10.000,51.361,9.000,2.000,0.000,3.000,88.748,11.427,63.838
8.869,227.728,10.000,39.624,10.000,3.000,0.000,3.000,39.369,10.356,63.947
9.327,298.897,7.000,94.143,4.000,3.000,0.000,6.000,39.690,9.932,61.205
8.697,340.893,7.000,73.927,7.000,2.000,0.000,6.000,54.464,9.272,60.198
9.004,447.524,7.000,32.225,8.000,2.000,0.000,6.000,79.281,25.705,64.132
5.245,287.081,3.000,65.770,8.000,1.000,3.000,1.000,89.742,10.278,53.920
6.173,222.489,9.000,36.006,3.000,1.000,0.000,4.000,91.509,11.614,50.727
8.109,299.821,1.000,70.163,10.000,2.000,0.000,5.000,48.488,17.438,58.895
9.291,140.000,1.000,65.627,6.000,6.000,1.000,4.000,84.882,16.536,53.962
5.023,132.099,7.000,35.799,1.000,1.000,1.000,9.000,76.650,15.607,47.819
7.573,487.176,9.000,87.110,2.000,0.000,0.000,2.000,95.237,28.235,58.027
8.386,129.098,9.000,48.362,8.000,1.000,0.000,4.000,85.236,10.107,53.594
5.148,101.111,7.000,67.904,5.000,1.000,1.000,6.000,69.360,9.246,43.660
7.007,286.977,4.000,74.733,2.000,6.000,1.000,7.000,85.908,1.442,64.357
9.478,140.917,4.000,97.361,6.000,2.000,0.000,11.000,55.038,20.678,58.788
8.358,338.606,5.000,64.567,6.000,1.000,0.000,1.000,86.099,20.285,57.425
6.188,426.415,3.000,94.212,1.000,1.000,2.000,8.000,85.776,26.767,65.110
9.264,112.967,5.000,54.840,4.000,3.000,2.000,7.000,90.589,12.602,66.615
6.740,310.519,2.000,90.021,5.000,2.000,2.000,6.000,50.756,13.855,58.453
9.267,126.693,4.000,46.508,8.000,1.000,0.000,7.000,90.185,25.090,51.781
6.495,167.572,10.000,79.524,7.000,2.000,1.000,7.000,45.988,11.181,69.058
7.952,246.336,8.000,36.203,1.000,3.000,0.000,3.000,85.173,14.912,51.127
6.985,132.325,2.000,99.024,7.000,2.000,0.000,7.000,95.445,27.945,58.616
6.374,231.208,3.000,96.776,10.000,4.000,0.000,5.000,37.327,19.927,61.843
9.433,177.920,3.000,60.955,1.000,1.000,1.000,7.000,75.691,12.323,48.275
5.938,343.650,3.000,66.675,10.000,4.000,1.000,4.000,77.873,24.774,66.590
5.424,344.235,7.000,71.844,1.000,1.000,0.000,4.000,87.984,14.114,59.390
6.710,132.832,9.000,49.253,7.000,1.000,1.000,8.000,41.684,25.093,58.818
8.588,250.191,8.000,77.213,4.000,1.000,0.000,4.000,94.113,17.585,57.500
9.037,378.806,5.000,78.899,8.000,1.000,2.000,5.000,99.596,10.897,72.848
9.994,88.193,2.000,66.755,9.000,3.000,0.000,6.000,78.687,7.219,50.858
6.482,177.111,2.000,40.342,9.000,3.000,0.000,5.000,62.946,22.696,53.111
7.040,242.749,9.000,94.343,9.000,0.000,1.000,3.000,76.276,23.967,63.979
5.684,85.014,7.000,38.053,9.000,5.000,2.000,2.000,38.556,30.079,61.972
7.874,145.183,6.000,74.042,4.000,2.000,3.000,6.000,83.947,21.064,60.369
9.988,551.108,6.000,37.216,5.000,1.000,0.000,6.000,39.548,13.253,55.628
8.504,128.799,9.000,40.227,8.000,2.000,1.000,5.000,55.968,17.203,58.970
7.976,140.000,9.000,31.438,2.000,1.000,0.000,4.000,44.061,15.441,47.510
6.962,284.848,1.000,55.435,6.000,5.000,1.000,7.000,82.193,12.980,58.538
9.576,76.411,4.000,74.771,6.000,5.000,0.000,1.000,73.638,6.656,49.955
7.485,179.931,1.000,66.508,10.000,4.000,1.000,7.000,80.448,7.325,61.125
5.672,101.918,4.000,77.218,1.000,0.000,1.000,5.000,39.197,23.139,42.446
6.827,230.903,7.000,77.251,1.000,7.000,3.000,6.000,59.076,8.962,60.594
5.336,8.675,3.000,39.812,1.000,3.000,1.000,5.000,61.401,12.566,37.631
6.010,209.258,2.000,34.014,6.000,4.000,1.000,7.000,74.156,4.868,50.326
5.088,247.380,5.000,73.775,6.000,2.000,0.000,7.000,41.651,5.156,50.355
7.266,148.035,6.000,75.726,6.000,1.000,1.000,5.000,77.070,9.086,56.541
8.173,155.094,8.000,68.969,3.000,2.000,0.000,4.000,60.655,22.659,48.603
6.716,134.540,1.000,47.203,4.000,3.000,0.000,0.000,93.885,23.401,40.127
7.102,178.216,3.000,86.754,5.000,1.000,0.000,3.000,64.238,16.637,45.349
9.796,491.306,8.000,35.298,1.000,5.000,2.000,5.000,41.635,9.850,69.703
8.760,350.698,7.000,74.262,8.000,0.000,2.000,3.000,41.721,31.778,71.341
7.704,178.091,9.000,38.429,1.000,6.000,1.000,3.000,51.529,12.435,51.835
6.423,145.222,9.000,75.811,7.000,2.000,0.000,4.000,50.588,33.421,62.734
9.485,329.392,9.000,59.241,5.000,3.000,2.000,6.000,86.785,18.692,78.955
6.175,220.694,6.000,80.267,10.000,2.000,0.000,4.000,81.955,25.752,62.763
6.627,83.229,10.000,33.653,7.000,1.000,1.000,7.000,39.984,25.833,53.411
9.545,163.410,5.000,68.856,5.000,4.000,1.000,9.000,90.343,3.953,61.920
7.648,458.406,10.000,40.141,8.000,3.000,2.000,2.000,41.248,7.181,75.934
8.712,277.324,4.000,77.767,2.000,5.000,2.000,13.000,86.066,11.886,68.547
7.954,146.425,5.000,38.397,2.000,6.000,0.000,4.000,42.255,9.064,45.148
8.267,54.314,7.000,35.151,5.000,3.000,1.000,3.000,59.463,19.352,50.281
6.497,230.104,4.000,79.919,9.000,4.000,0.000,3.000,83.810,20.262,64.760
6.207,198.665,2.000,34.447,9.000,1.000,2.000,1.000,51.486,11.221,47.377
6.612,174.118,9.000,45.717,4.000,3.000,1.000,0.000,42.366,10.465,52.777
5.777,331.817,5.000,87.731,3.000,4.000,1.000,2.000,86.168,24.699,65.167
9.372,279.634,10.000,86.678,10.000,2.000,0.000,6.000,79.913,10.582,72.078
6.416,56.068,4.000,89.789,6.000,3.000,2.000,9.000,92.932,27.254,61.607
7.807,199.453,10.000,52.827,2.000,2.000,2.000,4.000,76.701,16.895,59.365
8.960,69.567,7.000,66.963,3.000,2.000,0.000,5.000,39.807,16.937,46.372
8.919,136.269,8.000,84.134,9.000,6.000,0.000,4.000,76.511,7.903,61.094
7.192,65.034,8.000,39.589,9.000,3.000,1.000,4.000,88.463,21.850,63.407
7.381,67.147,3.000,80.707,10.000,3.000,0.000,4.000,40.439,7.072,47.290
9.974,249.694,9.000,36.824,1.000,2.000,0.000,7.000,43.820,21.826,56.100
8.373,233.103,10.000,93.928,9.000,3.000,1.000,6.000,79.042,20.212,78.442
9.073,189.073,7.000,74.612,2.000,1.000,1.000,5.000,86.436,20.483,55.412
9.513,127.390,10.000,64.531,9.000,3.000,0.000,2.000,57.955,20.174,62.077
8.938,60.797,9.000,63.931,9.000,1.000,0.000,5.000,82.792,24.646,60.589
5.926,136.754,7.000,42.695,4.000,4.000,2.000,4.000,45.879,18.997,63.532
7.811,233.818,5.000,54.214,2.000,1.000,1.000,4.000,63.860,4.061,48.963
5.509,230.159,9.000,80.899,8.000,1.000,1.000,6.000,83.618,17.881,69.541
8.265,452.344,2.000,67.866,1.000,4.000,3.000,4.000,47.934,8.596,56.745
9.777,411.528,6.000,67.051,6.000,2.000,1.000,8.000,57.678,5.767,67.654
7.564,194.443,9.000,43.667,4.000,2.000,1.000,4.000,75.889,7.743,56.447
7.165,135.668,10.000,78.325,5.000,2.000,1.000,4.000,57.490,9.938,62.921
5.179,104.021,3.000,57.442,9.000,4.000,1.000,6.000,91.820,20.801,61.522
9.799,52.488,1.000,42.793,10.000,4.000,1.000,3.000,97.187,12.537,54.351
5.515,76.342,4.000,96.065,5.000,2.000,0.000,3.000,76.749,24.393,42.220
5.205,234.055,9.000,65.476,3.000,1.000,0.000,4.000,85.856,9.417,49.133
6.230,292.605,6.000,66.963,9.000,2.000,2.000,6.000,93.935,12.794,71.790
5.328,156.844,1.000,98.696,5.000,2.000,2.000,3.000,80.621,9.698,49.353
7.276,760.066,2.000,55.648,2.000,1.000,1.000,6.000,85.265,3.169,50.538
7.580,76.985,4.000,96.011,10.000,3.000,1.000,3.000,40.214,15.081,58.769
6.563,47.762,4.000,78.645,10.000,1.000,2.000,7.000,88.545,50.917,63.379
5.255,751.780,2.000,74.317,3.000,2.000,1.000,6.000,52.847,5.913,50.615
5.558,58.139,5.000,46.409,2.000,2.000,0.000,10.000,39.602,21.929,43.975
6.923,155.262,5.000,33.623,2.000,5.000,3.000,2.000,73.316,24.745,60.059
5.303,111.073,2.000,60.645,6.000,2.000,0.000,3.000,49.741,15.539,43.485
8.491,246.030,3.000,30.712,4.000,0.000,0.000,6.000,40.190,6.391,37.916
6.035,146.721,7.000,34.970,7.000,2.000,1.000,7.000,74.621,42.644,60.012
6.510,293.215,10.000,71.673,8.000,3.000,0.000,4.000,41.406,20.003,70.166
6.971,336.246,10.000,80.713,1.000,1.000,0.000,4.000,92.670,33.378,62.722
7.083,52.006,6.000,41.756,9.000,1.000,0.000,4.000,98.003,4.620,45.967
5.008,101.299,1.000,81.275,1.000,3.000,0.000,4.000,82.983,10.236,33.414
5.560,310.035,9.000,96.481,2.000,5.000,0.000,5.000,53.698,5.992,59.979
9.314,380.717,10.000,82.022,8.000,3.000,0.000,4.000,71.565,26.205,77.096
5.006,216.649,3.000,84.930,7.000,2.000,1.000,7.000,37.040,4.618,48.463
7.541,258.479,5.000,79.050,10.000,2.000,0.000,1.000,75.391,13.583,59.505
7.448,470.789,1.000,45.732,6.000,3.000,1.000,5.000,52.150,12.702,59.729
6.665,148.097,9.000,55.262,5.000,2.000,0.000,0.000,64.577,3.698,47.323
7.157,215.006,8.000,96.449,7.000,4.000,0.000,3.000,46.626,21.052,60.544
8.903,411.821,1.000,76.285,8.000,0.000,1.000,5.000,99.126,18.875,61.141
9.206,428.449,8.000,85.232,7.000,4.000,0.000,4.000,48.483,9.862,73.323
6.302,179.192,5.000,97.809,4.000,2.000,1.000,5.000,62.101,33.347,57.935
6.612,103.916,6.000,46.201,10.000,6.000,2.000,4.000,51.549,4.236,59.149
6.212,177.768,3.000,52.518,4.000,3.000,0.000,3.000,70.203,2.782,39.819
7.399,190.236,9.000,75.136,4.000,1.000,3.000,0.000,93.847,15.989,63.094
8.416,100.906,5.000,31.705,3.000,2.000,0.000,4.000,45.620,7.743,40.637
6.141,113.248,9.000,69.985,3.000,1.000,0.000,2.000,44.153,13.934,43.602
6.654,428.831,2.000,86.608,3.000,3.000,0.000,9.000,39.814,28.354,56.082
9.652,266.585,6.000,72.731,6.000,0.000,1.000,5.000,73.308,5.727,57.724
5.243,155.823,4.000,50.678,8.000,1.000,1.000,2.000,74.135,26.390,48.382
7.304,81.072,10.000,80.687,5.000,0.000,2.000,6.000,88.390,6.048,59.604
8.558,114.317,6.000,40.222,10.000,1.000,0.000,3.000,89.337,11.078,52.257
5.752,44.165,8.000,92.634,5.000,1.000,1.000,4.000,41.626,29.643,57.562
5.237,220.588,1.000,37.064,5.000,3.000,1.000,8.000,94.184,21.315,53.110
5.691,109.434,7.000,90.444,1.000,4.000,1.000,4.000,88.910,8.141,60.088
9.594,232.734,2.000,64.847,10.000,3.000,0.000,5.000,77.071,17.762,60.802
5.046,307.948,4.000,60.005,2.000,3.000,2.000,3.000,57.559,10.542,53.057
5.942,235.068,3.000,65.046,2.000,1.000,0.000,8.000,83.463,11.474,42.456
5.156,141.956,1.000,44.014,10.000,3.000,1.000,7.000,75.344,12.769,50.442
5.553,96.788,6.000,62.038,6.000,1.000,0.000,1.000,57.948,19.551,44.830
8.101,71.364,3.000,89.480,1.000,0.000,0.000,4.000,35.862,15.365,34.329
6.208,402.533,6.000,86.067,5.000,2.000,1.000,1.000,73.510,12.992,58.421
7.846,228.132,8.000,41.413,6.000,2.000,0.000,3.000,72.472,13.250,58.602
7.951,148.029,2.000,77.139,1.000,4.000,0.000,4.000,45.048,16.645,48.855
9.247,281.568,8.000,89.979,8.000,4.000,0.000,3.000,93.911,14.913,68.639
5.024,361.808,3.000,87.384,7.000,2.000,1.000,2.000,45.353,10.257,58.627
9.267,111.237,4.000,59.794,1.000,1.000,1.000,5.000,53.661,16.935,48.226
8.096,223.442,6.000,33.366,7.000,3.000,1.000,5.000,59.179,18.734,56.685
5.814,226.555,7.000,95.182,3.000,2.000,2.000,9.000,79.393,17.216,65.063
8.865,458.079,7.000,57.712,8.000,1.000,1.000,4.000,40.307,24.342,66.198
9.277,146.500,2.000,55.268,4.000,3.000,2.000,2.000,80.654,9.711,54.423
6.271,93.985,6.000,83.166,3.000,2.000,1.000,10.000,61.941,9.417,51.775
9.594,240.557,3.000,48.478,6.000,3.000,1.000,5.000,46.892,30.996,58.225
7.272,297.131,3.000,88.432,5.000,3.000,1.000,10.000,42.285,8.380,61.941
8.017,211.011,10.000,35.324,4.000,3.000,0.000,4.000,61.802,12.218,61.894
9.923,477.981,2.000,81.850,9.000,2.000,1.000,2.000,63.989,3.101,62.259
6.808,146.157,5.000,97.605,7.000,3.000,0.000,2.000,43.925,6.075,50.094
9.066,214.653,5.000,99.704,5.000,1.000,0.000,4.000,66.360,11.127,52.530
6.592,55.897,3.000,94.666,3.000,2.000,2.000,3.000,67.659,10.761,48.812
8.996,89.781,8.000,90.953,6.000,7.000,1.000,3.000,98.766,12.505,62.959
8.004,111.797,5.000,49.522,1.000,1.000,0.000,6.000,81.365,35.272,44.487
6.082,164.525,8.000,97.665,9.000,1.000,0.000,2.000,35.791,3.932,50.057
7.070,64.384,4.000,94.953,1.000,3.000,2.000,5.000,65.996,14.311,48.838
6.588,278.946,9.000,67.406,7.000,1.000,0.000,7.000,36.403,13.310,54.893
5.391,104.140,8.000,58.145,4.000,2.000,1.000,8.000,68.229,38.569,55.978
5.149,677.071,4.000,37.649,8.000,3.000,1.000,7.000,56.966,23.061,68.657
6.732,107.073,10.000,71.344,4.000,2.000,0.000,5.000,93.728,10.612,50.886
5.095,199.546,9.000,79.038,1.000,1.000,1.000,7.000,67.064,30.562,58.742
5.827,182.415,6.000,58.280,10.000,3.000,1.000,6.000,90.244,10.050,62.276
8.626,83.617,1.000,58.422,8.000,3.000,2.000,6.000,72.952,24.197,55.384
8.540,164.985,6.000,70.132,1.000,2.000,0.000,0.000,60.773,33.296,48.366
8.693,163.511,7.000,31.945,1.000,1.000,1.000,1.000,49.931,15.390,47.674
6.586,336.459,4.000,97.051,6.000,3.000,1.000,5.000,46.905,7.034,65.595
9.450,246.676,2.000,50.293,10.000,1.000,1.000,5.000,86.646,3.671,56.199
7.969,276.247,6.000,39.862,6.000,3.000,0.000,6.000,92.394,15.744,61.177
5.630,331.707,9.000,30.384,1.000,2.000,2.000,4.000,56.066,23.618,62.605
5.719,279.210,4.000,89.982,7.000,3.000,0.000,5.000,67.150,56.942,67.678
8.465,222.171,5.000,90.425,5.000,2.000,0.000,5.000,53.688,28.689,57.017
5.865,110.998,1.000,36.671,7.000,0.000,0.000,4.000,64.594,14.715,37.296
7.536,212.568,8.000,40.657,4.000,4.000,1.000,1.000,91.517,6.773,58.049
9.959,95.193,9.000,61.353,1.000,5.000,3.000,3.000,43.968,13.224,58.163
5.020,174.116,8.000,42.999,1.000,2.000,0.000,5.000,53.947,35.004,52.553
5.083,158.243,5.000,81.507,7.000,5.000,1.000,6.000,80.193,42.635,64.468
9.965,165.612,1.000,34.063,7.000,3.000,0.000,2.000,55.191,9.977,45.375
7.923,64.957,5.000,68.480,4.000,2.000,2.000,4.000,40.275,12.459,51.461
5.635,8.906,10.000,56.795,1.000,2.000,0.000,3.000,59.336,31.747,43.324
9.487,137.661,1.000,62.546,8.000,3.000,0.000,7.000,78.965,30.651,54.654
9.402,382.587,3.000,59.733,2.000,3.000,1.000,2.000,98.960,10.267,57.468
7.681,197.507,9.000,40.721,2.000,1.000,2.000,5.000,92.989,21.867,61.634
8.109,364.902,6.000,45.420,5.000,1.000,3.000,10.000,71.522,10.685,67.380
6.366,95.703,2.000,34.537,8.000,1.000,0.000,6.000,85.527,27.086,43.288
5.253,132.631,1.000,38.070,10.000,1.000,3.000,4.000,72.140,14.616,53.511
7.973,702.439,5.000,98.453,7.000,1.000,1.000,2.000,67.103,11.716,64.074
6.474,100.410,6.000,49.585,10.000,4.000,0.000,3.000,46.091,23.031,57.664
8.318,272.689,9.000,51.492,7.000,1.000,0.000,9.000,53.991,15.282,66.266
9.181,272.406,9.000,38.897,9.000,1.000,0.000,6.000,64.387,22.682,63.242
5.091,252.844,5.000,82.861,2.000,2.000,1.000,10.000,99.064,7.358,55.960
7.979,274.980,5.000,94.690,1.000,1.000,1.000,4.000,74.557,8.429,53.455
6.156,99.260,10.000,85.283,7.000,1.000,0.000,2.000,96.417,13.830,52.481
9.369,142.623,8.000,72.883,10.000,3.000,1.000,4.000,51.814,9.038,65.436
6.268,12.858,3.000,86.926,8.000,3.000,0.000,3.000,39.483,11.125,49.167
8.054,467.836,7.000,58.296,4.000,2.000,1.000,5.000,98.594,14.060,72.149
7.768,273.890,8.000,90.165,5.000,2.000,0.000,4.000,56.426,9.768,61.975
6.981,111.898,3.000,85.896,2.000,2.000,1.000,2.000,69.795,34.315,50.130
8.388,96.549,10.000,30.121,4.000,3.000,0.000,3.000,39.624,8.653,51.445
8.629,386.850,3.000,64.146,7.000,1.000,1.000,6.000,90.925,13.573,61.820
7.835,105.834,6.000,48.523,2.000,3.000,2.000,5.000,35.044,13.759,56.299
8.792,111.625,5.000,36.036,5.000,2.000,1.000,8.000,93.891,15.691,52.566
9.917,80.664,7.000,89.234,3.000,2.000,0.000,5.000,45.749,11.708,52.908
7.096,308.427,10.000,30.556,5.000,2.000,2.000,5.000,46.926,24.197,67.503
7.573,361.469,4.000,81.111,8.000,4.000,0.000,3.000,88.677,25.085,68.517
5.062,158.946,4.000,99.173,9.000,3.000,0.000,6.000,60.105,9.967,57.192
8.980,362.981,8.000,63.741,5.000,2.000,1.000,5.000,51.641,26.240,74.736
7.601,238.649,10.000,55.987,9.000,1.000,1.000,1.000,73.769,9.664,66.741
7.040,76.611,10.000,72.408,8.000,4.000,0.000,4.000,51.537,13.608,62.742
5.470,446.516,8.000,86.329,10.000,3.000,2.000,5.000,53.626,14.576,79.449
9.448,79.951,8.000,46.818,8.000,4.000,1.000,7.000,37.961,6.584,63.851
6.975,167.407,8.000,47.549,6.000,5.000,1.000,6.000,70.062,9.340,66.210
8.413,159.284,10.000,72.502,7.000,0.000,2.000,2.000,43.412,5.234,54.003
5.747,139.343,1.000,95.792,4.000,1.000,0.000,7.000,89.413,15.643,43.438
9.808,31.198,6.000,50.891,7.000,6.000,1.000,5.000,83.816,6.894,55.526
5.892,613.255,1.000,56.373,8.000,1.000,1.000,8.000,53.555,32.732,58.968
5.998,35.881,6.000,99.533,7.000,2.000,1.000,6.000,69.696,10.771,51.410
9.295,464.254,4.000,42.336,2.000,4.000,1.000,5.000,72.529,22.306,60.820
9.563,93.913,4.000,35.388,6.000,2.000,1.000,7.000,78.319,21.474,50.842
6.061,120.164,9.000,71.283,8.000,2.000,0.000,5.000,62.230,9.284,54.983
7.349,435.688,8.000,31.699,2.000,2.000,1.000,3.000,77.415,10.957,61.517
8.667,256.158,6.000,42.630,8.000,1.000,2.000,8.000,46.010,10.889,60.850
9.392,57.669,9.000,73.555,9.000,2.000,2.000,4.000,65.616,16.940,64.813
6.895,56.581,1.000,76.166,6.000,3.000,1.000,4.000,41.110,52.278,48.480
7.585,231.381,7.000,65.730,10.000,0.000,0.000,5.000,96.170,16.467,60.857
8.709,78.783,2.000,56.862,9.000,3.000,1.000,6.000,61.092,10.438,57.215
8.656,264.280,3.000,70.334,5.000,2.000,2.000,2.000,75.134,17.308,61.507
8.915,282.496,2.000,75.037,9.000,2.000,2.000,4.000,66.838,6.917,59.542
7.850,102.151,6.000,86.244,10.000,2.000,2.000,7.000,36.743,8.696,61.180
5.523,125.206,7.000,85.493,2.000,1.000,0.000,2.000,39.076,33.031,46.327
9.520,236.539,8.000,76.536,10.000,1.000,1.000,5.000,52.196,12.410,64.585
9.328,98.584,5.000,92.596,1.000,3.000,0.000,2.000,78.871,8.452,46.443
8.990,197.700,10.000,88.662,5.000,1.000,0.000,5.000,76.693,6.160,55.449
5.499,728.973,4.000,39.327,10.000,3.000,0.000,8.000,47.216,13.960,59.928
6.022,244.254,2.000,96.968,8.000,0.000,0.000,2.000,66.760,6.455,48.090
8.718,140.813,1.000,92.422,3.000,4.000,2.000,5.000,58.859,27.363,58.907
5.116,652.483,2.000,52.465,7.000,2.000,3.000,8.000,71.955,21.425,63.644
9.896,322.989,5.000,31.413,3.000,5.000,0.000,5.000,56.755,10.117,55.922
6.886,80.404,5.000,72.278,3.000,1.000,1.000,6.000,93.253,37.199,55.223
8.597,93.544,9.000,60.689,10.000,2.000,1.000,1.000,65.707,10.896,58.973
9.438,40.326,2.000,82.470,1.000,2.000,2.000,4.000,62.728,12.399,46.223
6.973,233.618,3.000,66.722,10.000,2.000,2.000,6.000,80.716,8.821,65.269
6.596,25.451,10.000,35.354,5.000,4.000,1.000,5.000,85.745,20.384,64.302
8.044,651.982,1.000,47.128,1.000,3.000,0.000,6.000,63.441,6.914,46.758
7.905,153.671,5.000,91.777,8.000,5.000,1.000,5.000,42.082,10.426,58.861
7.046,336.114,2.000,32.638,1.000,4.000,1.000,4.000,40.531,9.457,46.475
8.009,143.555,6.000,81.567,4.000,1.000,0.000,5.000,56.247,16.410,51.195
9.677,230.824,10.000,50.436,3.000,2.000,0.000,3.000,82.618,5.672,62.273
7.338,169.069,3.000,61.685,8.000,2.000,0.000,3.000,77.487,13.108,51.637
5.984,193.724,4.000,67.170,4.000,4.000,1.000,3.000,53.703,27.317,54.688
6.886,405.480,5.000,47.506,7.000,2.000,0.000,5.000,35.286,6.338,59.022
6.971,533.825,8.000,75.637,1.000,2.000,1.000,3.000,76.774,21.055,63.633
5.656,507.797,10.000,78.541,7.000,1.000,1.000,3.000,71.686,23.573,69.821
5.814,1000.000,1.000,35.954,8.000,1.000,1.000,3.000,85.212,12.723,52.540
8.423,107.436,5.000,56.175,3.000,4.000,1.000,2.000,79.601,2.977,49.110
6.697,246.369,8.000,82.106,9.000,1.000,0.000,5.000,51.049,20.563,60.295
9.774,109.431,1.000,80.515,5.000,5.000,0.000,4.000,82.638,26.806,56.637
6.218,394.792,9.000,68.122,7.000,3.000,0.000,2.000,66.615,35.531,69.214
5.495,83.748,3.000,84.437,2.000,4.000,1.000,5.000,72.360,14.903,45.318
8.768,410.035,6.000,37.535,10.000,1.000,0.000,5.000,58.205,4.199,62.292
9.405,216.001,10.000,38.275,3.000,4.000,0.000,4.000,86.388,20.362,62.437
6.391,176.115,7.000,76.024,7.000,4.000,1.000,4.000,47.746,4.721,58.347
6.010,190.953,10.000,78.533,1.000,5.000,1.000,6.000,48.295,18.624,65.220
5.929,71.565,7.000,87.017,1.000,5.000,0.000,6.000,50.433,22.393,50.314
7.610,76.928,3.000,42.673,2.000,4.000,0.000,8.000,86.321,27.789,48.238
7.342,218.690,7.000,66.174,10.000,0.000,0.000,10.000,82.327,10.554,60.647
6.297,217.661,7.000,76.258,3.000,2.000,1.000,10.000,52.523,7.587,56.948
5.226,113.407,4.000,45.659,9.000,2.000,0.000,3.000,44.352,15.050,43.815
7.407,152.427,1.000,66.185,6.000,4.000,2.000,7.000,36.832,5.666,48.242
9.797,260.634,7.000,74.691,1.000,1.000,1.000,4.000,79.449,11.288,55.983
8.263,98.151,6.000,45.011,5.000,2.000,0.000,4.000,70.027,9.332,50.815
7.478,35.693,8.000,56.289,5.000,3.000,0.000,6.000,80.650,24.844,57.653
5.553,478.599,2.000,45.144,3.000,1.000,1.000,5.000,81.037,31.442,52.650
6.262,229.442,6.000,93.206,7.000,4.000,2.000,2.000,89.910,19.518,72.382
6.474,129.878,9.000,46.576,9.000,1.000,0.000,4.000,62.038,23.090,57.814
8.824,109.165,9.000,38.458,9.000,2.000,0.000,5.000,88.773,15.114,58.088
9.384,97.370,10.000,32.461,6.000,3.000,1.000,6.000,63.325,14.398,65.631
9.508,393.781,3.000,33.147,9.000,2.000,1.000,4.000,81.008,4.832,62.381
9.923,61.281,2.000,43.411,10.000,1.000,2.000,5.000,70.824,17.523,52.863
9.912,245.936,6.000,72.575,1.000,4.000,1.000,1.000,94.893,22.204,67.228
9.765,245.793,5.000,31.235,7.000,3.000,0.000,3.000,59.058,12.112,50.278
5.359,312.135,3.000,50.072,8.000,1.000,0.000,7.000,79.839,12.453,49.789
5.689,139.606,2.000,34.072,1.000,1.000,1.000,3.000,73.876,3.173,34.376
6.522,452.796,2.000,58.256,7.000,7.000,0.000,3.000,99.914,12.653,63.181
7.764,318.271,4.000,33.400,10.000,0.000,0.000,7.000,40.022,24.964,59.711
5.485,136.029,8.000,72.528,3.000,0.000,0.000,8.000,73.877,16.995,43.064
9.229,105.110,1.000,78.190,9.000,2.000,1.000,6.000,50.109,13.549,54.477
8.084,169.412,2.000,81.194,10.000,2.000,0.000,4.000,92.472,6.685,50.132
7.712,132.572,3.000,45.704,7.000,3.000,0.000,2.000,86.642,10.375,48.830
5.827,91.612,9.000,90.795,7.000,4.000,1.000,8.000,78.020,9.163,67.060
6.266,197.071,10.000,78.320,6.000,3.000,4.000,5.000,66.223,7.241,70.896
5.802,153.179,5.000,33.966,5.000,1.000,1.000,5.000,79.284,16.950,47.515
9.260,522.472,1.000,60.854,5.000,4.000,1.000,2.000,71.032,10.633,63.288
7.921,132.407,1.000,83.743,6.000,2.000,0.000,6.000,53.674,23.569,46.098
8.676,104.345,9.000,51.763,5.000,4.000,2.000,3.000,88.262,13.636,66.256
6.480,188.070,5.000,56.709,9.000,0.000,0.000,4.000,68.317,38.051,51.971
6.856,224.430,1.000,74.072,8.000,3.000,0.000,5.000,51.713,10.507,55.033
7.024,236.479,9.000,33.884,4.000,3.000,0.000,4.000,78.183,26.981,62.588
8.800,234.891,6.000,97.685,6.000,5.000,1.000,12.000,36.212,30.205,73.333
8.862,192.666,4.000,42.214,3.000,5.000,1.000,3.000,81.806,9.929,55.677
6.034,182.776,5.000,31.867,2.000,1.000,0.000,1.000,65.572,12.979,40.234
9.708,283.576,3.000,30.373,4.000,1.000,0.000,3.000,76.230,11.160,46.935
5.603,84.818,10.000,57.969,1.000,2.000,0.000,8.000,45.219,9.604,44.920
9.481,104.949,8.000,91.898,9.000,2.000,1.000,7.000,81.686,20.033,71.046
5.502,47.817,2.000,87.383,2.000,6.000,2.000,2.000,82.013,21.373,50.079
6.323,85.991,8.000,93.843,4.000,3.000,0.000,2.000,83.203,9.056,51.824
9.232,368.949,2.000,67.365,3.000,2.000,0.000,3.000,65.368,8.949,48.714
5.897,275.594,5.000,61.412,3.000,2.000,0.000,3.000,76.633,13.890,51.295
7.068,566.909,8.000,57.010,4.000,5.000,3.000,5.000,70.702,13.629,75.799
7.249,483.073,1.000,33.249,8.000,1.000,2.000,6.000,50.150,4.819,53.420
6.226,277.177,8.000,93.666,9.000,1.000,0.000,5.000,36.496,20.304,60.006
8.551,208.153,3.000,64.732,2.000,4.000,0.000,4.000,61.882,4.336,52.805
9.257,190.662,7.000,61.855,3.000,2.000,0.000,7.000,87.970,8.399,57.475
9.373,23.703,5.000,66.062,5.000,3.000,1.000,3.000,55.945,15.446,51.207
6.697,175.803,1.000,85.591,4.000,2.000,1.000,9.000,83.685,20.140,54.839
7.654,120.100,8.000,45.713,8.000,2.000,1.000,6.000,76.578,8.071,57.801
6.242,89.248,3.000,79.693,3.000,1.000,0.000,4.000,57.962,12.740,37.368
6.224,247.999,10.000,79.754,5.000,1.000,1.000,2.000,35.037,10.640,57.782
5.806,160.699,9.000,89.469,6.000,5.000,2.000,5.000,63.015,1.747,69.627
9.700,199.083,2.000,30.608,4.000,2.000,0.000,4.000,60.535,10.946,39.549
9.440,78.555,7.000,41.928,7.000,0.000,0.000,5.000,44.018,7.044,41.677
8.887,327.341,4.000,62.973,8.000,2.000,0.000,2.000,88.217,13.697,56.449
7.588,131.919,7.000,89.538,6.000,3.000,2.000,4.000,97.106,6.351,67.078
7.453,239.082,6.000,97.558,5.000,2.000,2.000,3.000,42.881,10.444,60.752
7.649,140.575,3.000,71.641,10.000,2.000,0.000,2.000,50.011,12.727,47.184
7.683,18.959,7.000,44.849,10.000,0.000,2.000,4.000,76.112,14.364,53.699
7.173,254.861,3.000,42.921,10.000,1.000,1.000,2.000,96.806,11.947,53.494
5.659,168.539,10.000,74.761,1.000,2.000,1.000,0.000,95.710,26.334,53.942
5.628,44.637,10.000,44.705,9.000,2.000,0.000,1.000,95.537,16.042,57.626
9.761,70.480,2.000,68.716,9.000,4.000,1.000,2.000,63.609,19.236,56.361
7.410,333.683,8.000,88.437,9.000,4.000,2.000,5.000,99.084,12.926,86.063
9.766,46.827,10.000,57.287,8.000,3.000,0.000,3.000,58.703,0.795,52.673
5.818,129.273,2.000,56.493,4.000,3.000,0.000,3.000,40.635,5.953,39.207
7.772,598.381,8.000,32.530,8.000,3.000,2.000,5.000,80.789,5.343,70.431
6.039,259.344,10.000,47.786,6.000,1.000,2.000,8.000,71.152,11.817,72.943
6.266,303.759,3.000,78.873,9.000,1.000,0.000,7.000,86.964,29.558,56.279
5.150,150.569,6.000,55.227,4.000,2.000,1.000,6.000,75.372,15.604,56.755
5.595,40.839,8.000,41.081,8.000,1.000,2.000,3.000,88.342,22.842,56.542
9.584,212.711,4.000,37.404,8.000,2.000,0.000,2.000,57.353,7.590,49.238
6.608,74.916,3.000,36.654,9.000,3.000,0.000,7.000,53.716,14.365,49.584
8.041,68.669,4.000,76.139,2.000,4.000,1.000,7.000,84.221,26.488,54.390
7.325,195.828,4.000,72.884,9.000,3.000,3.000,2.000,67.352,23.067,67.031
7.002,79.569,8.000,66.296,3.000,1.000,0.000,7.000,46.661,9.468,47.636
7.659,180.121,4.000,65.023,10.000,2.000,1.000,5.000,59.376,12.920,58.403
5.936,107.790,4.000,40.720,1.000,3.000,0.000,2.000,87.043,23.945,42.878
9.943,175.643,10.000,65.042,3.000,2.000,3.000,6.000,95.055,8.965,72.252
9.092,122.878,6.000,34.196,7.000,2.000,1.000,6.000,84.421,12.408,58.300
8.708,179.189,10.000,94.810,6.000,3.000,1.000,4.000,81.678,3.415,65.990
7.344,457.719,8.000,34.062,7.000,10.000,1.000,6.000,87.757,21.787,78.558
5.764,308.345,9.000,59.647,5.000,1.000,2.000,8.000,48.034,21.027,66.030
9.603,165.038,2.000,30.040,1.000,2.000,0.000,7.000,72.673,3.809,37.381
6.707,411.578,10.000,85.031,7.000,2.000,1.000,7.000,73.622,12.413,77.574
5.251,241.441,10.000,41.632,6.000,2.000,0.000,3.000,96.486,25.049,59.186
6.712,393.415,1.000,94.744,6.000,3.000,0.000,2.000,35.995,6.584,52.891
8.972,52.008,4.000,33.078,4.000,4.000,3.000,5.000,98.084,16.569,58.257
8.114,80.360,5.000,87.455,9.000,7.000,0.000,6.000,82.195,10.506,65.248
8.754,210.966,5.000,75.965,8.000,2.000,0.000,4.000,36.458,24.814,59.533
8.968,162.049,8.000,47.482,2.000,3.000,3.000,9.000,68.723,3.272,57.644
6.060,179.498,7.000,44.169,1.000,2.000,0.000,6.000,39.536,3.511,39.141
9.619,268.641,3.000,55.037,2.000,0.000,1.000,6.000,74.221,8.876,51.859
7.190,212.453,7.000,87.988,1.000,2.000,0.000,4.000,64.354,14.086,50.107
8.195,328.124,10.000,90.337,8.000,2.000,0.000,7.000,85.208,14.234,70.540
5.012,322.228,5.000,42.270,7.000,1.000,0.000,2.000,72.663,4.174,45.581
9.967,83.629,10.000,54.741,5.000,0.000,0.000,6.000,86.115,17.825,56.730
6.404,19.809,7.000,46.624,6.000,3.000,3.000,4.000,58.971,20.002,56.304
5.310,79.091,10.000,38.585,9.000,3.000,1.000,6.000,90.698,14.282,65.341
7.291,74.744,10.000,75.251,9.000,2.000,0.000,4.000,91.310,25.137,63.963
5.645,189.320,1.000,54.211,5.000,2.000,0.000,9.000,77.604,18.598,44.136
5.762,187.588,9.000,45.777,6.000,3.000,0.000,4.000,52.142,10.392,50.961
8.161,154.927,2.000,90.620,6.000,4.000,2.000,3.000,99.443,29.620,62.889
6.965,247.835,9.000,82.382,10.000,2.000,1.000,3.000,88.153,32.368,73.768
9.609,768.064,9.000,84.163,8.000,3.000,0.000,4.000,90.357,16.746,74.869
6.596,152.417,3.000,32.744,4.000,4.000,2.000,2.000,35.751,7.715,50.451
8.631,217.173,1.000,94.059,9.000,1.000,0.000,7.000,88.699,24.608,55.198
7.305,179.469,5.000,70.232,4.000,5.000,1.000,6.000,49.154,5.691,51.982
8.300,114.423,4.000,65.266,8.000,3.000,0.000,3.000,68.037,8.085,51.055
7.998,270.329,6.000,30.741,10.000,2.000,0.000,7.000,80.779,22.791,66.104
7.364,146.860,1.000,92.836,9.000,0.000,0.000,2.000,61.669,7.386,45.214
9.750,95.814,1.000,68.072,2.000,2.000,0.000,6.000,50.836,28.127,38.438
6.714,101.784,5.000,87.761,3.000,3.000,0.000,7.000,67.512,7.676,52.811
5.886,335.936,8.000,75.886,8.000,2.000,1.000,3.000,54.485,11.526,66.197
8.390,265.824,4.000,85.769,2.000,1.000,0.000,7.000,74.996,10.834,49.240
9.230,124.605,4.000,78.505,1.000,3.000,2.000,2.000,42.131,19.929,54.214
5.201,245.068,2.000,94.467,3.000,1.000,0.000,8.000,61.541,19.713,50.833
7.248,180.998,3.000,45.784,5.000,1.000,0.000,9.000,73.454,10.631,41.704
9.462,219.794,3.000,44.147,2.000,1.000,1.000,5.000,99.384,18.397,49.222
8.748,112.070,3.000,79.878,2.000,3.000,0.000,6.000,67.205,15.415,46.362
9.959,76.789,4.000,65.098,4.000,4.000,2.000,5.000,62.683,20.742,61.520
7.657,146.243,3.000,71.941,6.000,1.000,0.000,4.000,99.299,19.110,52.469
8.300,88.438,7.000,79.598,6.000,0.000,0.000,7.000,95.150,7.599,50.969
6.512,83.043,4.000,68.320,8.000,0.000,0.000,4.000,78.743,28.221,45.564
9.738,54.897,8.000,85.139,10.000,5.000,0.000,3.000,70.410,3.793,63.448
6.832,19.990,7.000,52.321,1.000,1.000,2.000,3.000,52.608,11.472,42.190
8.693,126.326,7.000,90.129,7.000,5.000,1.000,5.000,75.550,18.438,62.747
7.016,377.742,6.000,37.537,2.000,3.000,0.000,3.000,89.208,13.434,57.865
7.809,318.093,10.000,74.380,4.000,0.000,1.000,8.000,98.803,12.612,69.534
8.599,502.120,3.000,92.309,4.000,1.000,0.000,4.000,46.113,11.318,56.435
7.545,80.036,10.000,47.689,8.000,3.000,0.000,4.000,52.814,10.436,54.250
9.535,282.221,3.000,52.878,3.000,0.000,1.000,5.000,92.488,26.432,54.975
7.097,164.473,2.000,51.381,9.000,5.000,1.000,2.000,90.963,12.744,60.458
8.235,101.923,9.000,69.498,4.000,1.000,1.000,2.000,81.583,12.746,60.263
6.712,349.829,9.000,58.901,9.000,2.000,0.000,3.000,41.743,8.724,64.519
7.041,165.698,1.000,37.557,10.000,4.000,2.000,4.000,80.907,19.406,63.229
7.200,35.630,6.000,92.390,6.000,1.000,0.000,4.000,65.489,5.460,42.454
5.629,315.837,6.000,44.327,2.000,2.000,1.000,5.000,59.131,35.689,53.583
5.459,233.629,3.000,67.386,8.000,0.000,3.000,2.000,51.295,7.637,51.560
8.337,197.092,6.000,71.636,5.000,4.000,1.000,3.000,55.669,12.615,55.703
8.278,66.901,7.000,32.853,4.000,2.000,0.000,6.000,69.827,17.148,48.502
8.315,213.655,6.000,36.700,5.000,3.000,0.000,2.000,45.527,23.545,57.078
5.099,458.500,6.000,98.018,3.000,4.000,0.000,2.000,68.105,11.067,63.725
6.633,229.179,9.000,76.516,3.000,2.000,0.000,2.000,38.133,9.747,53.860
5.989,47.639,3.000,32.350,10.000,2.000,1.000,4.000,61.691,14.747,46.640
8.891,241.325,7.000,85.594,3.000,1.000,0.000,3.000,97.402,8.951,53.589
9.303,230.840,4.000,65.598,5.000,4.000,0.000,5.000,83.033,11.896,64.395
6.233,297.803,10.000,35.264,8.000,1.000,1.000,4.000,39.459,30.097,67.566
8.339,226.401,3.000,77.653,3.000,1.000,1.000,6.000,79.709,7.589,52.501
5.647,83.284,9.000,64.955,7.000,2.000,1.000,4.000,47.747,2.748,52.996
6.376,189.578,7.000,44.344,9.000,2.000,1.000,2.000,65.821,8.442,55.023
5.693,148.159,3.000,91.439,9.000,1.000,1.000,1.000,54.121,5.409,49.935
6.418,205.967,8.000,50.397,1.000,1.000,0.000,3.000,95.720,18.964,48.277
8.374,358.271,3.000,49.919,5.000,2.000,3.000,7.000,38.539,9.731,60.127
9.552,107.521,3.000,49.094,1.000,2.000,0.000,3.000,92.262,24.994,45.367
6.013,551.055,4.000,83.722,7.000,3.000,2.000,5.000,80.590,11.729,71.327
7.710,240.252,7.000,79.428,4.000,4.000,0.000,7.000,58.581,5.487,64.662
8.507,317.033,4.000,93.220,9.000,2.000,2.000,5.000,92.177,23.243,71.009
9.765,289.230,6.000,46.054,2.000,3.000,0.000,3.000,61.410,7.829,53.425
8.050,233.648,6.000,85.046,9.000,4.000,0.000,2.000,80.394,2.725,68.477
6.276,263.860,2.000,70.113,4.000,3.000,0.000,4.000,86.211,16.700,53.726
8.127,2.926,3.000,51.608,10.000,2.000,1.000,4.000,53.615,8.674,46.331
6.602,288.865,4.000,32.482,2.000,2.000,0.000,1.000,39.697,17.462,44.547
9.881,88.870,3.000,87.326,3.000,1.000,0.000,4.000,91.428,21.316,46.391
6.998,172.999,10.000,46.875,4.000,2.000,0.000,5.000,50.034,15.575,58.343
8.427,232.522,4.000,74.222,10.000,2.000,1.000,1.000,95.567,8.956,62.900
5.116,368.826,5.000,68.421,8.000,4.000,1.000,3.000,55.478,23.703,66.633
7.000,88.892,7.000,30.311,9.000,6.000,0.000,1.000,61.968,7.338,52.679
9.376,128.773,8.000,99.604,6.000,4.000,2.000,7.000,62.970,17.479,75.040
8.051,142.461,7.000,87.003,8.000,3.000,1.000,8.000,65.413,19.526,69.415
7.220,207.733,6.000,64.053,7.000,1.000,2.000,4.000,97.580,13.890,62.555
9.680,149.168,10.000,77.624,7.000,2.000,1.000,5.000,50.931,21.040,69.059
9.270,264.665,9.000,63.362,9.000,1.000,0.000,7.000,74.538,15.652,68.181
6.611,37.108,3.000,82.121,10.000,5.000,0.000,2.000,54.119,16.920,49.732
7.723,163.148,2.000,39.403,6.000,2.000,1.000,8.000,43.510,21.083,49.259
7.449,487.551,4.000,61.245,5.000,3.000,2.000,6.000,53.770,15.172,66.831
8.161,149.464,9.000,53.488,7.000,1.000,0.000,6.000,70.906,22.478,59.050
6.671,240.874,10.000,62.176,8.000,4.000,1.000,6.000,74.454,27.478,75.786
6.221,332.286,8.000,61.533,10.000,3.000,1.000,1.000,52.142,17.823,72.235
9.563,235.530,7.000,40.017,7.000,3.000,0.000,9.000,99.175,21.354,65.653
9.619,582.395,3.000,98.354,10.000,2.000,0.000,3.000,58.578,13.927,61.478
9.217,192.762,6.000,31.084,8.000,3.000,0.000,2.000,89.082,27.750,64.978
9.891,273.647,2.000,30.705,10.000,2.000,1.000,3.000,37.277,16.345,53.889
8.725,213.794,6.000,56.141,8.000,2.000,0.000,5.000,80.189,20.321,63.271
8.823,425.872,2.000,73.426,9.000,4.000,2.000,5.000,54.725,5.595,72.627
8.813,133.634,1.000,42.576,2.000,1.000,1.000,3.000,69.898,19.358,37.673
7.403,612.216,10.000,67.324,10.000,4.000,3.000,5.000,89.379,14.611,87.393
7.282,109.657,9.000,80.594,4.000,2.000,1.000,4.000,82.115,18.951,59.013
6.201,517.422,7.000,36.584,8.000,5.000,2.000,0.000,58.376,20.044,73.082
8.224,80.450,7.000,98.910,4.000,1.000,3.000,2.000,82.611,21.162,56.187
6.447,279.594,3.000,53.569,5.000,2.000,1.000,4.000,61.910,19.495,53.123
6.289,180.998,6.000,74.969,8.000,3.000,1.000,2.000,39.127,12.143,57.436
7.930,327.776,8.000,37.750,6.000,3.000,1.000,6.000,78.263,33.344,73.871
7.050,244.944,6.000,79.664,8.000,2.000,1.000,1.000,95.893,25.014,64.102
6.094,316.175,3.000,88.832,1.000,1.000,2.000,8.000,40.437,12.883,51.320
9.080,78.088,4.000,37.370,9.000,5.000,2.000,8.000,79.696,12.497,62.583
9.303,44.090,9.000,38.810,5.000,2.000,0.000,2.000,89.583,1.257,48.849
5.838,67.561,3.000,49.673,8.000,5.000,0.000,6.000,73.781,6.773,43.973
5.038,66.072,10.000,30.836,3.000,1.000,0.000,3.000,66.551,8.504,44.348
6.681,77.282,8.000,99.024,6.000,1.000,1.000,3.000,50.419,12.704,53.411
8.988,115.564,9.000,71.887,6.000,4.000,0.000,7.000,47.600,27.203,66.995
9.196,114.763,6.000,72.531,2.000,4.000,1.000,6.000,60.759,11.870,57.664
5.692,184.085,3.000,97.127,5.000,2.000,3.000,5.000,76.684,6.699,53.404
8.872,94.214,1.000,88.242,7.000,3.000,0.000,2.000,55.454,18.760,45.161
5.579,100.433,6.000,86.997,9.000,1.000,3.000,7.000,66.746,19.547,59.838
6.950,156.214,4.000,53.765,9.000,3.000,1.000,4.000,73.999,11.941,53.318
9.993,357.626,2.000,53.440,4.000,1.000,2.000,4.000,48.649,25.365,59.684
5.963,131.898,10.000,50.422,7.000,5.000,0.000,2.000,83.191,26.311,62.993
5.770,175.447,10.000,54.269,2.000,2.000,0.000,5.000,75.862,4.011,47.009
7.114,196.465,4.000,55.866,9.000,4.000,0.000,7.000,73.469,19.624,60.412
8.098,85.040,7.000,39.800,9.000,2.000,0.000,5.000,66.077,2.550,52.450
9.665,141.833,5.000,54.916,10.000,3.000,0.000,8.000,58.712,12.788,63.792
9.904,106.934,5.000,61.272,5.000,4.000,0.000,2.000,70.673,42.203,52.833
5.348,335.706,7.000,51.654,4.000,5.000,2.000,6.000,84.773,19.089,76.544
5.690,317.761,5.000,41.574,8.000,3.000,0.000,6.000,80.891,9.214,56.917
8.954,98.466,9.000,56.139,8.000,0.000,1.000,6.000,82.951,20.211,56.040
6.353,173.032,2.000,63.664,3.000,2.000,0.000,4.000,48.612,8.737,43.497
9.424,273.792,7.000,80.451,6.000,4.000,2.000,7.000,85.680,16.420,75.253
8.317,226.890,10.000,79.787,7.000,2.000,1.000,4.000,56.802,7.661,69.898
5.559,243.882,9.000,44.189,5.000,3.000,0.000,3.000,50.150,10.899,53.756
9.163,85.475,1.000,32.566,4.000,2.000,0.000,4.000,42.901,25.128,37.983
5.882,505.442,2.000,51.266,3.000,1.000,1.000,4.000,88.971,32.844,51.061
7.117,113.808,7.000,41.000,5.000,2.000,2.000,6.000,75.508,16.384,61.171
7.761,111.283,10.000,57.705,3.000,4.000,0.000,4.000,89.685,21.491,64.092
7.504,60.511,9.000,98.554,4.000,3.000,1.000,2.000,71.492,9.960,56.138
8.431,161.271,10.000,42.675,2.000,2.000,2.000,4.000,90.918,7.007,59.781
8.263,382.473,2.000,52.321,4.000,0.000,0.000,3.000,71.177,15.399,48.705
9.960,225.313,6.000,80.758,7.000,0.000,1.000,3.000,76.980,14.838,57.612
9.997,170.614,8.000,65.643,4.000,0.000,0.000,6.000,38.663,43.405,56.647
7.582,302.611,7.000,33.075,2.000,1.000,1.000,4.000,78.528,12.541,53.306
5.476,376.327,8.000,41.318,9.000,3.000,0.000,5.000,73.851,12.212,65.650
8.639,317.295,3.000,95.467,5.000,3.000,1.000,6.000,50.735,19.047,60.089
9.883,32.392,5.000,37.222,6.000,5.000,0.000,3.000,42.328,9.796,43.909
6.592,304.336,5.000,74.456,6.000,2.000,1.000,3.000,57.567,8.390,58.781
7.306,250.494,10.000,85.463,6.000,2.000,0.000,7.000,38.912,17.455,65.619
7.124,96.715,3.000,48.581,5.000,3.000,1.000,3.000,74.054,5.050,47.700
5.257,251.203,4.000,80.755,8.000,2.000,2.000,6.000,70.486,18.431,62.723
8.361,382.972,1.000,41.893,9.000,0.000,0.000,9.000,94.658,10.571,51.210
6.767,117.754,2.000,49.933,10.000,2.000,0.000,2.000,68.642,20.901,46.151
8.937,332.262,10.000,51.828,5.000,3.000,1.000,6.000,82.432,28.107,80.957
9.161,228.748,9.000,99.750,4.000,2.000,2.000,4.000,78.159,8.395,66.362
9.106,6.717,3.000,45.020,1.000,3.000,0.000,7.000,80.478,12.045,40.260
7.083,179.806,8.000,39.045,5.000,2.000,2.000,3.000,55.387,24.236,54.349
6.608,222.504,6.000,94.798,10.000,0.000,1.000,5.000,61.998,16.375,59.610
8.744,146.093,10.000,41.335,3.000,1.000,1.000,6.000,42.785,33.221,56.068
9.007,234.660,4.000,91.550,9.000,2.000,0.000,3.000,77.281,16.730,61.187
7.456,166.146,10.000,75.532,8.000,2.000,1.000,3.000,54.658,27.334,66.131
9.465,691.031,4.000,70.380,7.000,6.000,0.000,7.000,70.672,6.294,64.161
5.720,138.478,8.000,82.594,6.000,2.000,0.000,6.000,94.899,8.204,54.844
9.395,98.990,4.000,80.820,8.000,1.000,1.000,2.000,79.389,30.857,55.076
5.480,321.283,7.000,37.737,1.000,3.000,1.000,6.000,52.398,8.092,52.448
5.768,152.074,4.000,99.963,2.000,1.000,1.000,3.000,68.452,31.054,46.412
7.669,172.713,9.000,95.932,2.000,1.000,0.000,5.000,74.141,8.932,55.858
5.338,162.141,7.000,92.761,8.000,2.000,4.000,7.000,90.260,5.414,63.927
5.264,309.644,3.000,73.560,5.000,3.000,1.000,3.000,86.594,12.464,58.323
5.003,76.771,10.000,66.595,3.000,5.000,1.000,3.000,55.490,6.303,54.222
7.182,331.824,8.000,67.540,1.000,5.000,0.000,2.000,94.777,19.869,60.261
8.873,264.559,5.000,31.046,5.000,3.000,1.000,4.000,44.580,2.568,52.954
5.174,552.155,2.000,64.963,4.000,0.000,0.000,1.000,52.946,37.751,46.155
8.261,210.604,10.000,73.664,2.000,0.000,1.000,3.000,37.201,14.807,57.815
9.116,81.684,8.000,76.109,1.000,1.000,1.000,3.000,55.232,20.485,48.185
5.840,212.232,7.000,53.250,8.000,1.000,0.000,4.000,61.913,21.981,54.618
5.734,230.905,9.000,62.990,8.000,3.000,2.000,5.000,50.685,15.784,72.248
9.304,404.599,7.000,74.542,3.000,2.000,0.000,6.000,35.820,18.264,66.055
9.116,81.510,3.000,59.981,5.000,3.000,0.000,2.000,35.683,11.415,41.089
7.695,47.682,3.000,97.349,3.000,4.000,1.000,6.000,95.058,21.939,55.993
9.096,215.348,1.000,79.381,5.000,3.000,1.000,8.000,82.762,2.562,58.244
5.464,567.401,1.000,30.089,2.000,2.000,0.000,1.000,80.396,33.991,46.778
6.972,291.026,8.000,31.630,10.000,2.000,1.000,3.000,86.073,11.165,68.148
8.689,302.387,9.000,78.321,8.000,3.000,0.000,2.000,80.122,23.496,74.909
6.287,59.050,2.000,58.885,10.000,1.000,1.000,1.000,38.995,25.797,45.963
8.762,191.013,6.000,88.763,3.000,5.000,0.000,4.000,95.173,10.769,59.996
7.521,409.566,2.000,42.111,9.000,4.000,1.000,1.000,62.873,13.906,61.572
8.751,232.806,5.000,30.968,6.000,3.000,1.000,9.000,64.473,13.526,60.500
7.323,44.531,8.000,57.166,2.000,3.000,0.000,4.000,92.627,12.600,48.813
6.840,188.299,9.000,81.524,4.000,4.000,0.000,4.000,48.293,9.081,62.266
6.096,277.522,10.000,98.021,9.000,2.000,1.000,3.000,55.333,14.233,71.149
6.042,173.828,4.000,91.856,8.000,2.000,1.000,3.000,90.576,12.252,57.607
8.757,90.341,10.000,63.885,8.000,3.000,0.000,8.000,68.778,28.719,65.150
5.595,327.785,8.000,86.897,3.000,0.000,1.000,4.000,62.310,16.516,60.563
5.430,134.294,4.000,34.923,7.000,1.000,3.000,4.000,97.047,9.632,48.231
5.881,248.257,4.000,70.059,10.000,2.000,1.000,6.000,92.767,29.706,64.999
5.877,184.715,2.000,94.701,1.000,3.000,1.000,7.000,92.680,26.579,57.850
9.116,130.400,10.000,57.747,4.000,3.000,0.000,2.000,48.793,12.494,57.859
6.993,608.000,3.000,97.207,1.000,1.000,1.000,2.000,89.853,15.930,53.130
9.952,119.276,3.000,45.448,2.000,2.000,1.000,3.000,77.685,28.914,45.354
5.686,195.997,5.000,37.394,10.000,2.000,0.000,0.000,79.949,22.934,52.483
8.268,184.295,2.000,66.733,3.000,2.000,1.000,3.000,38.109,4.678,41.395
7.244,211.585,9.000,93.507,2.000,4.000,1.000,3.000,71.123,7.759,59.695
6.965,579.604,7.000,51.790,1.000,3.000,0.000,5.000,49.206,10.242,55.045
9.375,277.763,2.000,86.011,10.000,9.000,0.000,7.000,95.263,10.990,60.763
9.878,129.427,2.000,41.844,5.000,1.000,0.000,5.000,71.506,13.713,44.578
9.364,468.078,1.000,82.190,8.000,3.000,0.000,7.000,75.130,17.872,68.012
5.962,310.577,10.000,68.992,3.000,3.000,1.000,9.000,50.814,13.707,71.865
6.104,131.405,5.000,42.251,7.000,2.000,2.000,2.000,62.389,26.102,56.213
8.280,422.752,7.000,80.266,9.000,4.000,0.000,2.000,69.411,11.123,71.312
6.445,58.438,2.000,79.963,7.000,0.000,0.000,3.000,87.783,26.110,44.383
8.674,74.021,3.000,66.080,6.000,3.000,0.000,6.000,74.753,16.556,48.734
7.832,41.564,6.000,45.783,3.000,1.000,1.000,5.000,42.347,15.967,39.795
7.755,24.538,3.000,39.261,3.000,4.000,0.000,1.000,64.301,21.645,40.697
9.143,403.398,7.000,97.008,6.000,4.000,0.000,2.000,54.209,19.783,73.244
8.553,213.469,10.000,75.907,5.000,2.000,1.000,2.000,70.030,13.678,61.978
5.133,45.624,4.000,86.647,1.000,1.000,0.000,9.000,65.539,8.995,35.284
5.247,180.825,7.000,78.788,2.000,2.000,0.000,4.000,36.451,29.100,48.481
8.008,339.088,10.000,88.063,5.000,3.000,0.000,5.000,48.489,15.405,70.618
7.431,102.943,9.000,41.374,2.000,4.000,0.000,4.000,77.905,15.494,53.681
6.301,146.115,1.000,64.787,6.000,3.000,1.000,2.000,70.381,47.721,56.694
7.093,626.238,2.000,76.699,4.000,2.000,1.000,6.000,38.463,26.247,59.048
8.790,156.404,10.000,37.237,3.000,2.000,0.000,4.000,73.848,12.985,55.959
9.133,49.477,10.000,40.497,2.000,0.000,1.000,8.000,67.712,14.671,46.896
7.806,123.314,4.000,74.379,6.000,7.000,0.000,7.000,44.763,8.402,54.550
6.927,42.500,6.000,90.809,2.000,3.000,1.000,7.000,35.127,6.634,47.595
6.353,293.299,6.000,76.229,7.000,4.000,0.000,5.000,56.802,12.980,63.514
7.610,91.215,7.000,32.534,10.000,2.000,1.000,2.000,85.680,19.023,62.067
6.574,88.774,8.000,97.930,10.000,4.000,1.000,2.000,43.647,8.787,62.872
7.820,662.539,4.000,39.765,7.000,4.000,1.000,2.000,96.388,22.979,66.092
8.383,66.887,9.000,46.279,9.000,3.000,1.000,7.000,70.259,7.493,60.160
5.330,56.192,1.000,98.248,10.000,3.000,2.000,6.000,84.296,13.096,58.196
5.005,77.494,1.000,83.972,7.000,1.000,0.000,4.000,98.496,21.822,43.391
6.061,346.175,10.000,95.560,3.000,1.000,0.000,4.000,52.072,39.217,63.247
9.473,267.627,2.000,86.463,6.000,2.000,2.000,2.000,72.886,31.381,59.648
8.231,122.046,10.000,75.621,9.000,3.000,0.000,3.000,57.143,27.618,71.385
5.860,113.309,3.000,49.919,7.000,1.000,0.000,5.000,40.495,15.741,44.359
9.451,253.694,4.000,52.882,4.000,3.000,0.000,5.000,86.578,23.704,58.634
7.350,219.287,1.000,96.309,2.000,2.000,0.000,6.000,35.786,12.429,39.674
7.380,164.157,10.000,90.244,2.000,2.000,1.000,3.000,91.474,21.008,66.475
9.678,273.995,4.000,55.164,4.000,6.000,2.000,1.000,86.646,6.206,64.899
5.297,72.947,2.000,56.129,9.000,1.000,1.000,7.000,76.496,17.874,48.068
6.076,92.539,5.000,50.839,6.000,2.000,0.000,6.000,73.424,6.184,48.374
7.929,283.865,2.000,52.829,1.000,0.000,1.000,6.000,89.968,26.628,47.200
5.977,232.016,8.000,90.247,10.000,3.000,0.000,3.000,38.621,23.037,63.612
8.398,190.210,1.000,30.735,5.000,2.000,1.000,5.000,82.865,33.074,50.566
6.070,647.638,5.000,60.524,4.000,2.000,0.000,7.000,46.727,6.820,51.244
5.496,315.782,4.000,95.999,9.000,1.000,1.000,3.000,36.323,47.457,57.834
6.035,124.984,1.000,67.985,4.000,0.000,0.000,5.000,55.299,14.612,35.790
7.114,99.504,1.000,61.531,7.000,5.000,0.000,3.000,56.266,26.417,49.270
5.881,239.799,6.000,51.866,10.000,0.000,0.000,4.000,47.520,8.179,46.376
5.673,402.576,4.000,35.174,6.000,3.000,0.000,5.000,81.204,18.711,58.592
9.301,36.073,2.000,45.714,7.000,4.000,1.000,7.000,71.329,13.616,49.774
6.602,227.783,2.000,36.332,4.000,4.000,1.000,4.000,94.804,23.031,54.226
6.804,144.251,9.000,38.869,9.000,1.000,0.000,3.000,84.510,4.084,51.273
5.276,213.420,8.000,41.446,1.000,0.000,3.000,4.000,88.698,7.703,51.882
6.787,52.392,7.000,51.142,3.000,1.000,1.000,4.000,93.663,28.028,49.250
6.324,402.386,9.000,30.771,10.000,6.000,2.000,4.000,87.413,7.583,78.624
8.052,474.661,1.000,96.510,5.000,1.000,0.000,2.000,42.679,13.764,49.548
6.027,296.512,7.000,38.667,2.000,2.000,0.000,8.000,47.056,12.598,47.583
9.442,537.224,8.000,56.820,5.000,4.000,0.000,6.000,61.118,17.575,71.805
9.648,138.758,3.000,91.567,3.000,1.000,0.000,4.000,56.584,8.713,44.399
5.499,223.994,6.000,37.460,6.000,5.000,0.000,8.000,92.553,29.436,63.288
5.537,299.507,8.000,63.852,3.000,2.000,0.000,4.000,69.073,17.791,58.300
5.577,242.018,7.000,89.135,4.000,5.000,1.000,5.000,91.936,31.234,70.568
8.098,152.821,3.000,68.987,10.000,1.000,1.000,2.000,60.165,22.909,59.824
5.610,165.494,7.000,44.724,1.000,2.000,2.000,5.000,93.923,17.166,52.027
9.262,447.051,8.000,81.486,8.000,5.000,1.000,7.000,39.662,2.015,77.242
8.771,183.232,1.000,77.694,1.000,2.000,1.000,7.000,63.961,20.893,49.652
9.099,387.522,6.000,55.353,5.000,4.000,2.000,5.000,93.573,20.765,76.416
7.630,176.285,6.000,33.241,7.000,2.000,3.000,3.000,64.226,30.899,58.688
9.983,385.997,4.000,30.551,10.000,5.000,0.000,4.000,82.625,16.321,70.320
5.221,197.823,1.000,87.778,3.000,0.000,3.000,9.000,58.457,1.141,44.907
7.006,282.827,1.000,52.509,1.000,2.000,3.000,8.000,88.899,15.455,50.745
6.620,109.912,8.000,39.644,8.000,3.000,0.000,1.000,76.042,21.594,51.196
9.743,223.650,9.000,66.299,9.000,3.000,1.000,2.000,87.771,15.399,70.867
7.884,111.237,5.000,94.458,6.000,0.000,0.000,7.000,69.872,11.278,46.849
9.031,136.126,10.000,30.594,1.000,3.000,0.000,6.000,76.445,23.889,58.721
5.852,144.817,10.000,33.930,6.000,1.000,1.000,2.000,69.363,3.557,48.697
9.893,163.375,7.000,59.193,4.000,3.000,0.000,3.000,71.875,15.248,55.602
7.493,357.030,6.000,77.318,5.000,3.000,2.000,3.000,79.796,11.795,65.082
7.468,132.082,10.000,63.327,1.000,0.000,0.000,6.000,42.855,7.539,40.781
9.854,207.652,7.000,92.828,4.000,3.000,0.000,7.000,84.958,17.421,63.119
6.904,386.810,10.000,33.086,10.000,0.000,0.000,7.000,58.088,33.244,67.694
6.988,278.825,10.000,53.810,1.000,3.000,0.000,3.000,35.818,8.466,52.273
7.924,36.880,2.000,54.594,10.000,1.000,1.000,4.000,76.839,20.906,49.065
5.640,51.021,7.000,53.809,6.000,0.000,0.000,4.000,74.887,19.143,39.307
6.605,245.175,8.000,64.138,6.000,2.000,1.000,8.000,82.178,6.703,63.108
5.966,126.920,9.000,85.340,10.000,4.000,0.000,6.000,99.891,19.032,70.375
5.516,44.339,4.000,52.252,3.000,0.000,1.000,7.000,64.994,12.175,34.245
9.331,119.739,9.000,82.114,10.000,3.000,0.000,4.000,98.266,9.876,68.030
7.947,251.586,5.000,40.253,3.000,2.000,3.000,2.000,72.556,9.736,48.626
6.793,143.587,4.000,69.251,4.000,3.000,0.000,4.000,58.262,49.492,48.635
7.043,193.545,2.000,56.256,5.000,0.000,1.000,3.000,79.056,4.626,43.261
7.158,153.595,4.000,67.745,7.000,2.000,0.000,4.000,47.770,27.328,45.780
8.166,106.746,10.000,37.542,4.000,2.000,0.000,6.000,97.809,13.136,57.491
9.634,220.596,8.000,96.742,8.000,3.000,1.000,10.000,63.669,8.021,71.031
9.664,39.732,8.000,93.435,1.000,2.000,0.000,5.000,35.691,11.613,45.972
6.957,95.965,9.000,87.848,7.000,4.000,0.000,7.000,77.596,28.514,71.350
6.646,314.982,3.000,92.495,7.000,4.000,1.000,8.000,42.821,29.243,67.300
7.255,52.605,7.000,40.268,6.000,1.000,1.000,9.000,40.780,7.854,52.457
7.840,186.581,4.000,65.261,7.000,2.000,1.000,5.000,36.531,18.718,54.263
7.309,135.046,9.000,52.254,8.000,0.000,0.000,3.000,92.393,18.008,54.092
8.294,125.252,5.000,92.117,10.000,2.000,1.000,6.000,37.189,12.791,62.073
7.772,335.247,9.000,43.261,3.000,0.000,0.000,4.000,69.918,19.828,56.888
6.604,379.477,8.000,45.396,5.000,4.000,1.000,0.000,66.813,22.619,68.659
6.729,77.325,8.000,78.070,6.000,4.000,0.000,1.000,94.217,7.571,54.802
6.893,164.375,10.000,36.223,4.000,3.000,1.000,3.000,94.224,4.326,54.385
5.473,29.359,8.000,81.266,10.000,2.000,1.000,5.000,94.857,6.688,55.251
5.830,322.726,4.000,48.769,6.000,5.000,2.000,6.000,61.000,11.388,68.215
8.616,179.556,6.000,76.265,6.000,4.000,0.000,2.000,65.778,12.854,62.800
6.945,49.176,5.000,91.113,2.000,2.000,1.000,4.000,88.668,23.900,51.079
6.073,99.886,1.000,72.673,5.000,4.000,0.000,5.000,42.810,14.076,39.649
7.813,71.352,6.000,44.888,7.000,3.000,0.000,3.000,42.437,11.401,46.083
8.778,95.177,5.000,33.442,5.000,0.000,3.000,5.000,94.912,4.179,45.687
6.287,32.578,4.000,33.123,8.000,3.000,4.000,8.000,36.913,27.979,53.866
9.134,443.959,2.000,36.217,2.000,4.000,2.000,6.000,59.887,7.844,59.056
9.638,79.937,6.000,70.587,2.000,2.000,0.000,4.000,47.672,29.319,49.626
7.987,186.257,6.000,54.375,4.000,3.000,0.000,3.000,40.459,10.683,50.346
8.345,249.998,2.000,47.017,4.000,3.000,0.000,5.000,98.301,6.988,54.085
5.263,379.833,7.000,45.351,9.000,3.000,1.000,0.000,45.787,14.855,63.335
9.728,190.959,2.000,96.401,9.000,1.000,1.000,4.000,63.078,8.629,55.829
6.962,151.825,2.000,38.317,5.000,4.000,0.000,6.000,51.651,12.303,48.305
9.620,196.800,5.000,51.337,6.000,2.000,0.000,4.000,66.926,14.577,55.849
7.895,76.940,4.000,63.003,3.000,4.000,0.000,8.000,84.848,22.449,50.483
5.023,82.521,10.000,30.031,6.000,6.000,0.000,4.000,77.882,38.218,59.491
5.193,149.160,1.000,94.467,8.000,2.000,2.000,6.000,72.164,9.916,54.859
8.402,21.032,4.000,36.937,8.000,2.000,0.000,2.000,68.194,15.654,44.255
7.813,108.608,8.000,77.773,10.000,3.000,1.000,4.000,43.570,5.931,62.380
5.133,128.662,3.000,74.021,6.000,2.000,1.000,3.000,61.163,20.366,52.992
8.717,589.227,10.000,86.634,4.000,2.000,1.000,2.000,93.842,16.368,71.485
9.261,412.238,8.000,75.597,1.000,3.000,2.000,2.000,88.334,4.117,66.761
7.482,249.370,10.000,83.857,7.000,4.000,1.000,6.000,39.208,16.929,71.859
7.329,328.119,10.000,59.487,9.000,1.000,0.000,4.000,89.629,8.407,65.474
5.027,81.915,2.000,64.209,6.000,2.000,1.000,3.000,88.823,12.186,44.958
8.933,200.624,5.000,79.116,10.000,2.000,0.000,4.000,87.127,33.104,62.837
6.654,301.496,8.000,69.790,4.000,2.000,0.000,5.000,87.963,4.641,60.881
9.394,82.565,1.000,65.808,1.000,1.000,2.000,8.000,98.897,21.400,48.569
6.865,51.167,5.000,44.389,7.000,2.000,1.000,3.000,38.588,7.584,44.187
7.825,231.463,7.000,48.068,2.000,2.000,1.000,4.000,59.947,6.669,48.781
6.352,56.906,8.000,55.095,1.000,6.000,1.000,3.000,97.948,9.613,56.903
5.803,265.246,5.000,30.650,8.000,3.000,3.000,3.000,70.923,6.253,59.718
8.875,375.582,9.000,59.215,5.000,3.000,0.000,3.000,79.349,43.407,74.874
7.483,84.868,7.000,30.194,7.000,2.000,1.000,4.000,58.521,4.335,48.076
7.682,90.591,1.000,69.551,8.000,4.000,1.000,6.000,48.773,5.842,53.358
9.827,368.366,3.000,79.282,4.000,4.000,0.000,2.000,98.598,3.416,59.012
9.818,191.706,10.000,69.350,7.000,3.000,0.000,3.000,58.507,8.251,68.351
9.278,336.584,1.000,78.546,6.000,2.000,0.000,3.000,71.456,15.018,57.119
5.938,153.340,2.000,30.001,6.000,3.000,2.000,3.000,50.848,16.049,51.307
7.971,162.142,4.000,34.161,8.000,1.000,2.000,7.000,97.852,17.267,57.113
9.391,188.115,10.000,78.892,4.000,4.000,0.000,3.000,51.797,17.954,69.617
6.872,514.085,8.000,86.203,6.000,3.000,0.000,4.000,94.406,24.986,78.631
5.506,319.336,2.000,80.239,6.000,3.000,1.000,6.000,53.968,33.486,59.929
9.055,105.701,4.000,76.411,2.000,1.000,1.000,7.000,96.550,20.255,51.884
7.409,211.054,10.000,79.517,3.000,2.000,1.000,4.000,58.877,14.650,63.862
7.822,145.336,3.000,81.771,1.000,3.000,1.000,5.000,91.684,7.730,44.837
9.911,125.250,6.000,80.706,2.000,3.000,2.000,6.000,73.989,15.614,64.676
8.036,260.200,5.000,81.661,5.000,3.000,1.000,7.000,42.399,19.814,65.976
7.125,225.020,8.000,35.181,10.000,0.000,0.000,2.000,54.215,11.903,50.736
6.850,85.716,8.000,34.429,10.000,0.000,1.000,4.000,84.458,22.315,50.264
7.088,188.456,9.000,55.278,8.000,2.000,1.000,3.000,78.390,17.757,64.783
5.592,122.230,2.000,66.932,6.000,2.000,1.000,2.000,58.146,8.702,40.130
8.974,249.049,5.000,83.383,3.000,3.000,0.000,6.000,47.697,9.673,51.430
9.189,117.975,7.000,53.430,4.000,2.000,0.000,6.000,88.874,27.277,57.064
6.422,162.879,5.000,49.258,8.000,0.000,1.000,5.000,75.455,3.375,51.357
6.519,127.966,7.000,84.701,10.000,3.000,0.000,6.000,79.328,3.916,60.106
9.372,38.275,7.000,47.454,10.000,0.000,1.000,2.000,66.139,6.863,52.513
5.120,497.823,4.000,87.459,4.000,2.000,0.000,4.000,57.772,45.083,59.696
7.602,186.960,2.000,42.399,5.000,6.000,3.000,5.000,59.846,18.142,53.707
7.318,508.932,10.000,55.163,6.000,2.000,2.000,9.000,37.022,9.591,73.291
8.451,193.110,9.000,58.075,1.000,4.000,0.000,4.000,96.345,18.310,63.638
5.817,292.412,9.000,50.966,2.000,2.000,0.000,3.000,58.826,9.073,50.890
8.342,111.462,3.000,30.235,1.000,2.000,1.000,11.000,66.393,14.587,47.217
6.884,113.721,4.000,46.486,8.000,3.000,1.000,3.000,58.215,10.329,50.245
8.094,179.487,4.000,53.636,3.000,0.000,1.000,6.000,58.087,17.924,47.971
5.200,506.018,1.000,51.954,8.000,1.000,2.000,3.000,79.565,12.597,58.342
7.309,88.297,2.000,84.989,4.000,1.000,1.000,6.000,78.573,9.714,43.900
7.611,29.236,4.000,33.316,8.000,1.000,0.000,2.000,87.665,14.560,43.043
6.072,362.799,10.000,57.226,2.000,4.000,0.000,5.000,39.666,11.109,57.677
5.698,304.539,3.000,32.626,4.000,2.000,0.000,6.000,91.814,11.102,45.993
5.942,133.651,6.000,95.145,3.000,1.000,0.000,3.000,97.184,5.137,44.528
6.721,633.195,6.000,85.315,5.000,2.000,1.000,4.000,99.292,17.661,71.420
5.484,650.583,4.000,98.751,6.000,1.000,0.000,7.000,43.371,53.518,56.792
9.737,35.541,10.000,93.711,2.000,2.000,2.000,1.000,66.635,14.970,58.863
7.025,109.367,1.000,52.107,7.000,1.000,0.000,3.000,96.038,11.549,40.977
9.045,178.547,9.000,78.411,10.000,6.000,0.000,4.000,84.331,11.783,71.794
9.872,244.413,8.000,51.459,1.000,1.000,2.000,6.000,38.913,26.682,60.457
5.404,219.730,4.000,92.175,1.000,1.000,0.000,7.000,91.570,1.411,42.686
8.258,186.452,8.000,58.753,10.000,1.000,1.000,6.000,89.505,15.239,65.310
9.357,77.214,5.000,56.312,7.000,2.000,0.000,3.000,85.711,13.081,52.590
8.171,265.617,10.000,93.985,10.000,3.000,0.000,5.000,61.769,12.573,71.875
7.145,275.911,1.000,88.572,8.000,6.000,0.000,8.000,76.099,14.292,56.312
7.155,346.174,1.000,97.649,8.000,3.000,2.000,5.000,81.535,7.204,67.592
5.179,67.980,6.000,34.654,2.000,5.000,1.000,2.000,60.782,7.390,47.686
7.673,158.239,10.000,47.034,6.000,1.000,2.000,2.000,85.960,4.661,56.843
9.968,128.644,1.000,51.060,4.000,2.000,0.000,3.000,52.764,17.945,44.611
9.794,66.841,8.000,59.705,9.000,2.000,0.000,2.000,46.936,2.078,52.927
5.202,156.371,10.000,63.119,1.000,3.000,1.000,8.000,90.828,15.743,58.183
8.529,80.622,5.000,50.403,1.000,2.000,0.000,3.000,57.056,9.617,37.133
6.509,57.172,9.000,85.332,6.000,5.000,1.000,6.000,38.690,7.097,58.318
9.515,307.164,8.000,45.627,10.000,2.000,0.000,3.000,89.125,14.666,67.989
5.226,133.098,3.000,78.756,10.000,1.000,1.000,2.000,86.936,10.577,50.008
9.679,105.123,9.000,89.624,6.000,0.000,0.000,4.000,87.155,14.455,58.684
9.187,402.503,7.000,72.259,5.000,3.000,0.000,6.000,57.157,7.497,68.514
5.588,281.506,1.000,54.791,3.000,0.000,1.000,7.000,74.211,16.740,40.728
5.299,25.884,6.000,43.152,10.000,3.000,0.000,5.000,35.905,12.833,44.864
9.174,245.520,7.000,39.404,2.000,2.000,0.000,4.000,35.149,21.723,53.150
5.779,244.717,9.000,82.092,2.000,1.000,0.000,3.000,51.852,5.279,47.964
7.674,151.522,8.000,62.839,6.000,2.000,0.000,5.000,69.145,10.547,54.825
9.579,147.231,5.000,33.242,4.000,2.000,0.000,6.000,74.021,9.729,49.343
7.837,42.986,3.000,98.869,5.000,1.000,0.000,6.000,43.671,19.163,45.757
6.986,628.597,2.000,76.991,10.000,3.000,1.000,6.000,91.398,24.765,69.573
7.225,155.918,1.000,89.093,3.000,2.000,0.000,7.000,97.371,15.172,41.483
5.316,236.414,7.000,60.673,9.000,2.000,1.000,5.000,42.749,12.553,59.955
9.844,162.438,10.000,96.881,3.000,0.000,0.000,8.000,88.551,21.740,59.540
6.553,106.548,1.000,43.967,4.000,1.000,2.000,3.000,74.925,11.145,40.857
5.947,323.047,8.000,42.960,1.000,4.000,2.000,3.000,67.656,33.307,66.349
6.430,206.534,6.000,92.323,7.000,1.000,0.000,5.000,66.789,8.543,51.288
9.822,156.908,2.000,92.420,9.000,2.000,1.000,3.000,83.739,3.032,60.822
5.471,234.665,3.000,64.931,9.000,2.000,1.000,8.000,48.579,5.195,55.092
9.337,173.717,3.000,38.805,2.000,2.000,0.000,5.000,74.582,10.793,41.854
8.539,531.194,7.000,51.365,8.000,4.000,1.000,7.000,51.988,42.460,78.255
9.150,315.808,3.000,82.791,2.000,5.000,1.000,5.000,40.536,7.391,59.369
9.879,261.450,9.000,89.219,7.000,0.000,0.000,3.000,70.937,33.075,62.651
9.211,48.270,4.000,54.336,8.000,2.000,1.000,3.000,52.460,15.071,55.722
9.717,267.662,2.000,34.286,2.000,0.000,1.000,4.000,83.273,7.367,39.200
5.635,263.160,1.000,76.601,2.000,2.000,0.000,3.000,77.277,11.414,38.671
8.979,81.868,5.000,81.765,1.000,4.000,0.000,5.000,49.581,23.065,47.320
7.728,47.189,5.000,59.681,8.000,4.000,1.000,5.000,91.002,12.268,58.911
7.717,307.244,8.000,70.817,7.000,3.000,0.000,2.000,57.555,7.499,63.492
9.495,333.048,5.000,99.116,2.000,3.000,1.000,3.000,81.088,10.896,62.702
9.859,114.193,2.000,47.150,6.000,2.000,1.000,4.000,52.376,26.093,51.211
8.524,110.123,3.000,70.108,8.000,3.000,0.000,7.000,47.779,49.760,56.525
7.415,204.026,6.000,72.767,3.000,3.000,1.000,4.000,90.918,22.372,59.956
7.282,132.764,4.000,68.438,7.000,3.000,1.000,5.000,94.713,34.415,61.750
6.932,46.172,7.000,90.839,3.000,4.000,1.000,2.000,57.883,22.030,55.502
6.808,81.069,10.000,72.351,3.000,4.000,1.000,7.000,55.473,21.921,62.684
6.958,230.481,4.000,65.552,4.000,1.000,0.000,4.000,80.667,19.130,47.568
5.449,85.044,6.000,38.611,4.000,2.000,0.000,5.000,49.779,17.228,43.427
5.387,344.174,9.000,79.225,5.000,2.000,2.000,3.000,91.173,8.729,72.306
8.899,260.279,3.000,39.248,3.000,2.000,0.000,3.000,35.553,14.211,41.230
7.230,236.909,6.000,31.860,4.000,2.000,0.000,9.000,44.238,22.334,52.530
9.653,201.013,4.000,64.197,7.000,2.000,0.000,6.000,42.846,17.285,55.026
8.061,102.688,7.000,70.071,4.000,1.000,0.000,5.000,55.659,4.651,49.879
5.176,284.755,8.000,99.934,7.000,1.000,0.000,3.000,91.299,25.952,64.830
5.788,100.316,2.000,79.863,2.000,1.000,0.000,3.000,76.601,19.758,35.260
6.029,356.866,2.000,89.401,2.000,0.000,0.000,6.000,41.986,25.116,44.779
9.879,478.857,1.000,54.247,9.000,2.000,1.000,8.000,40.130,7.283,64.281
6.094,205.670,1.000,65.624,5.000,1.000,0.000,7.000,53.748,4.716,39.337
7.579,438.771,1.000,98.199,7.000,5.000,2.000,6.000,75.289,12.273,68.755
9.681,82.041,8.000,59.217,8.000,1.000,1.000,4.000,73.594,17.774,61.444
9.886,262.266,10.000,86.510,2.000,2.000,2.000,3.000,42.424,31.437,70.403
6.182,183.079,5.000,66.819,10.000,5.000,1.000,2.000,84.452,16.430,61.288
5.246,310.761,9.000,45.677,5.000,2.000,0.000,5.000,76.097,39.150,58.663
5.768,27.595,8.000,70.629,9.000,3.000,0.000,4.000,98.899,10.531,51.160
5.317,298.574,9.000,45.264,5.000,2.000,0.000,5.000,70.919,19.099,58.225
5.976,110.726,8.000,30.212,5.000,1.000,0.000,3.000,56.276,3.898,42.160
7.843,189.647,2.000,46.513,7.000,2.000,1.000,4.000,42.758,23.277,53.496
9.562,621.797,6.000,43.520,2.000,3.000,0.000,11.000,94.742,30.354,69.673
7.686,268.246,6.000,55.964,7.000,2.000,0.000,5.000,37.449,17.133,53.424
8.130,244.793,7.000,92.202,10.000,2.000,0.000,2.000,57.667,6.237,60.644
6.009,231.317,8.000,57.150,7.000,1.000,1.000,2.000,69.498,14.140,60.837
9.003,381.439,2.000,89.163,1.000,2.000,2.000,0.000,72.036,10.342,54.929
8.089,317.854,7.000,68.893,7.000,2.000,0.000,3.000,72.851,11.126,63.396
9.321,233.091,9.000,30.533,1.000,2.000,3.000,5.000,81.613,14.062,63.193
9.744,213.560,2.000,43.212,2.000,3.000,1.000,4.000,43.341,6.043,47.959
6.740,203.726,5.000,95.189,3.000,2.000,0.000,3.000,81.758,16.246,52.856
5.453,175.896,9.000,72.292,4.000,4.000,1.000,3.000,92.819,10.832,64.784
6.130,66.962,1.000,95.068,1.000,6.000,2.000,3.000,36.979,18.237,42.526
7.189,264.376,2.000,51.708,1.000,4.000,0.000,4.000,37.327,18.251,50.400
9.728,119.645,9.000,80.159,8.000,6.000,3.000,3.000,99.440,7.257,69.015
6.892,160.710,2.000,84.042,5.000,2.000,1.000,2.000,55.276,11.848,47.476
8.854,332.158,8.000,98.299,2.000,2.000,0.000,5.000,64.579,11.559,61.861
7.702,178.911,10.000,31.272,5.000,1.000,0.000,5.000,55.154,13.737,51.267
5.914,168.973,5.000,96.657,7.000,3.000,0.000,1.000,71.172,28.250,54.516
6.604,206.108,5.000,57.411,8.000,2.000,1.000,4.000,81.246,9.318,58.213
8.266,145.816,5.000,88.659,3.000,1.000,1.000,3.000,84.397,11.787,52.518
8.364,613.351,4.000,68.130,2.000,2.000,1.000,2.000,58.100,18.376,57.416
7.174,560.566,4.000,69.525,10.000,1.000,1.000,3.000,51.937,14.664,62.363
6.143,551.296,6.000,55.156,7.000,4.000,1.000,6.000,70.531,22.925,76.450
8.610,231.848,9.000,87.993,10.000,2.000,1.000,5.000,59.977,18.031,71.674
5.844,113.729,10.000,48.481,4.000,4.000,2.000,6.000,75.437,11.725,64.746
9.683,338.070,9.000,64.457,2.000,4.000,0.000,5.000,74.751,15.430,67.734
5.940,146.663,2.000,69.212,4.000,2.000,0.000,4.000,93.139,26.271,52.532
5.537,357.749,4.000,81.976,4.000,2.000,0.000,8.000,35.251,6.471,50.945
7.488,109.548,8.000,63.014,8.000,0.000,0.000,2.000,41.620,6.930,47.997
7.598,243.442,6.000,77.620,8.000,4.000,2.000,6.000,86.139,7.568,68.319
7.541,391.095,4.000,63.971,1.000,5.000,2.000,2.000,72.931,12.015,60.536
7.183,152.862,4.000,76.152,6.000,0.000,4.000,5.000,39.063,12.886,49.306
9.974,152.451,2.000,77.190,4.000,3.000,0.000,5.000,96.266,28.508,54.430
7.431,51.958,4.000,79.661,7.000,6.000,1.000,7.000,77.276,10.300,57.074
7.390,112.253,5.000,87.631,4.000,3.000,0.000,6.000,66.590,5.042,49.889
7.109,228.737,5.000,67.851,6.000,2.000,0.000,5.000,85.673,26.229,56.339
5.334,253.039,6.000,43.529,8.000,2.000,1.000,5.000,73.741,10.020,61.359
7.965,278.528,3.000,77.575,3.000,4.000,1.000,6.000,59.264,20.933,58.859
6.140,34.542,3.000,35.398,2.000,1.000,0.000,3.000,54.281,23.850,33.892
8.188,147.191,9.000,45.327,8.000,4.000,0.000,2.000,64.473,16.091,63.624
5.254,57.951,5.000,85.451,10.000,3.000,2.000,3.000,65.891,13.725,57.400
9.907,220.844,3.000,60.455,5.000,3.000,1.000,6.000,81.282,8.586,57.015
7.345,43.048,7.000,64.863,10.000,5.000,1.000,5.000,65.745,8.419,61.721
9.484,74.188,6.000,99.118,2.000,2.000,1.000,2.000,36.192,24.376,55.844
7.378,314.263,6.000,46.462,9.000,4.000,0.000,5.000,79.502,17.579,66.891
5.302,122.694,3.000,31.369,10.000,0.000,1.000,2.000,39.525,24.462,52.429
9.111,441.169,8.000,37.796,3.000,4.000,0.000,3.000,90.012,10.464,67.745
8.241,283.450,2.000,47.115,2.000,2.000,1.000,2.000,81.038,27.181,51.851
8.909,153.502,9.000,80.814,7.000,3.000,2.000,4.000,73.860,32.832,75.803
7.141,347.411,5.000,84.308,9.000,3.000,0.000,5.000,64.520,6.101,60.109
8.190,163.344,5.000,69.584,1.000,2.000,1.000,3.000,46.187,6.367,48.477
9.281,302.487,4.000,47.853,7.000,1.000,0.000,3.000,77.575,21.704,52.420
8.155,107.887,5.000,66.522,9.000,4.000,1.000,7.000,42.117,15.571,64.517
6.738,360.690,7.000,31.047,1.000,1.000,1.000,3.000,74.295,12.452,51.168
8.313,47.169,5.000,77.726,6.000,2.000,0.000,3.000,46.917,23.594,46.443
8.359,74.092,2.000,73.001,1.000,0.000,0.000,7.000,73.797,9.557,39.084
9.803,85.558,6.000,31.526,2.000,1.000,2.000,3.000,44.825,9.951,44.939
6.855,117.177,3.000,87.191,5.000,4.000,0.000,3.000,41.141,6.676,42.943
7.125,234.397,2.000,83.440,4.000,5.000,1.000,3.000,65.607,25.346,60.640
9.061,185.880,9.000,51.576,1.000,3.000,0.000,1.000,81.134,5.770,48.950
7.529,304.802,4.000,74.476,9.000,6.000,0.000,2.000,50.500,23.687,67.645
8.683,394.628,6.000,72.105,3.000,2.000,1.000,4.000,67.351,19.688,64.857
7.299,42.179,2.000,40.023,9.000,2.000,2.000,2.000,86.927,24.118,48.676
6.077,425.611,4.000,43.528,2.000,4.000,1.000,1.000,70.713,7.030,57.685
8.726,160.694,4.000,77.824,6.000,2.000,1.000,3.000,73.813,13.447,56.055
5.656,544.537,2.000,95.349,8.000,2.000,1.000,6.000,49.310,8.606,55.946
5.993,104.064,10.000,70.340,5.000,1.000,1.000,6.000,43.092,31.145,57.544
8.134,30.581,4.000,69.747,5.000,1.000,1.000,2.000,44.688,14.935,42.894
8.736,285.594,6.000,75.268,8.000,3.000,1.000,7.000,98.232,10.216,71.964
9.473,273.774,6.000,60.840,1.000,4.000,0.000,6.000,40.630,8.291,55.272
6.363,75.832,5.000,33.792,9.000,1.000,1.000,7.000,44.848,15.970,50.972
5.554,82.612,6.000,57.755,7.000,1.000,1.000,4.000,48.370,10.276,48.131
9.780,320.014,6.000,93.018,8.000,2.000,2.000,3.000,86.216,11.021,73.010
5.772,242.206,1.000,86.346,5.000,2.000,1.000,4.000,60.867,13.026,48.928
5.988,148.941,7.000,94.920,4.000,2.000,2.000,9.000,86.408,41.453,67.208
6.457,259.149,2.000,40.698,6.000,3.000,2.000,8.000,62.230,14.523,57.318
7.647,225.913,5.000,65.417,7.000,3.000,1.000,2.000,86.658,10.008,57.283
9.414,90.265,4.000,70.931,10.000,4.000,0.000,4.000,93.206,14.500,57.803
8.803,335.909,5.000,44.695,9.000,2.000,1.000,5.000,64.074,8.931,63.440
8.541,294.098,1.000,44.068,1.000,1.000,0.000,1.000,99.114,30.953,41.064
5.876,188.931,8.000,84.742,2.000,2.000,1.000,4.000,95.639,21.299,58.969
6.788,320.152,5.000,77.030,10.000,2.000,0.000,7.000,35.998,5.994,63.711
7.392,587.759,1.000,75.303,4.000,0.000,0.000,2.000,71.669,21.189,47.554
5.737,81.771,1.000,48.689,6.000,4.000,0.000,6.000,77.713,16.210,46.066
6.367,154.010,6.000,65.474,1.000,1.000,0.000,5.000,89.806,19.036,45.503
6.542,159.737,7.000,31.615,2.000,2.000,0.000,4.000,78.768,25.730,51.957
5.636,315.530,6.000,39.096,5.000,3.000,1.000,4.000,79.736,7.448,62.690
7.751,116.036,8.000,66.278,8.000,3.000,2.000,2.000,53.827,13.380,62.463
8.525,303.946,8.000,51.677,8.000,3.000,1.000,2.000,88.335,18.462,72.568
5.350,127.084,9.000,97.597,9.000,6.000,3.000,9.000,39.114,24.184,81.487
7.406,73.788,10.000,63.004,2.000,4.000,0.000,6.000,77.731,20.356,56.052
8.911,196.984,9.000,35.849,3.000,2.000,0.000,6.000,48.132,13.119,56.185
8.740,124.937,8.000,31.249,6.000,5.000,1.000,6.000,84.762,25.218,61.831
9.075,211.035,5.000,80.768,6.000,4.000,1.000,2.000,86.366,12.438,63.991
7.241,247.213,6.000,42.005,1.000,0.000,0.000,3.000,46.361,11.141,39.379
9.103,45.358,7.000,43.147,5.000,3.000,0.000,3.000,86.581,3.444,44.220
6.204,136.365,2.000,59.667,9.000,4.000,0.000,6.000,89.437,6.636,55.805
6.804,197.100,7.000,48.484,2.000,0.000,1.000,4.000,38.447,12.528,45.019
5.882,321.055,6.000,73.160,9.000,3.000,0.000,3.000,62.950,6.920,59.058
7.337,295.542,6.000,63.998,5.000,4.000,1.000,4.000,47.525,4.481,62.043
6.960,96.775,9.000,37.802,6.000,0.000,1.000,7.000,43.216,7.714,51.370
6.205,165.601,7.000,84.932,7.000,3.000,1.000,8.000,87.231,32.747,64.357
8.759,256.022,10.000,59.810,8.000,5.000,0.000,3.000,54.057,5.840,59.398
6.569,157.256,10.000,72.758,7.000,5.000,2.000,3.000,76.860,6.297,69.694
6.364,104.649,9.000,30.276,2.000,0.000,0.000,4.000,35.239,23.469,39.053
5.654,180.793,3.000,73.848,3.000,6.000,0.000,5.000,40.165,18.242,51.968
7.194,239.837,2.000,49.799,9.000,2.000,1.000,7.000,74.666,13.475,56.204
6.515,89.204,3.000,64.606,1.000,5.000,1.000,6.000,59.068,22.363,49.873
6.846,274.945,8.000,50.840,8.000,0.000,1.000,5.000,92.181,14.850,61.369
6.180,205.371,9.000,99.738,6.000,3.000,0.000,2.000,40.346,0.574,52.968
8.816,281.650,9.000,46.159,2.000,2.000,0.000,5.000,75.544,9.518,57.185
9.650,177.905,7.000,93.900,2.000,1.000,0.000,4.000,80.687,45.751,52.450
7.490,532.507,7.000,94.258,10.000,4.000,2.000,5.000,74.729,14.859,81.032
8.215,236.678,10.000,59.470,1.000,6.000,1.000,4.000,79.246,26.829,65.338
9.336,303.069,7.000,51.280,1.000,1.000,0.000,8.000,51.206,27.961,53.195
9.994,274.200,2.000,56.672,1.000,3.000,0.000,7.000,84.866,20.110,53.104
8.068,164.022,6.000,99.254,7.000,0.000,1.000,4.000,71.053,13.863,55.182
9.449,222.377,4.000,73.316,10.000,4.000,0.000,5.000,86.223,8.131,65.540
9.543,118.189,7.000,68.135,2.000,4.000,1.000,5.000,42.915,5.879,51.482
8.957,508.280,7.000,32.514,8.000,3.000,0.000,5.000,43.257,27.448,68.082
7.305,254.712,3.000,89.349,8.000,3.000,2.000,7.000,60.709,17.610,66.607
5.406,99.703,3.000,35.866,3.000,2.000,0.000,1.000,60.341,17.733,35.705
5.079,436.390,1.000,33.288,1.000,4.000,0.000,2.000,43.350,20.042,46.743
7.386,170.190,3.000,49.240,5.000,4.000,1.000,2.000,40.278,11.292,50.245
7.472,331.459,9.000,63.305,1.000,1.000,0.000,7.000,40.250,24.555,55.662
7.037,44.159,7.000,92.670,2.000,3.000,0.000,4.000,38.405,15.466,47.505
7.841,386.373,10.000,85.306,5.000,1.000,1.000,3.000,37.155,12.070,65.288
7.761,247.687,10.000,43.834,9.000,1.000,1.000,8.000,87.504,17.890,73.718
9.183,93.316,9.000,56.046,10.000,0.000,0.000,3.000,95.774,25.042,59.440
5.543,244.772,2.000,84.617,7.000,4.000,1.000,4.000,62.669,11.764,58.258
6.126,476.294,4.000,66.896,3.000,4.000,2.000,3.000,47.138,45.532,63.344
8.965,120.947,1.000,42.214,4.000,3.000,0.000,1.000,56.344,5.720,36.043
9.239,119.695,1.000,57.724,7.000,3.000,0.000,5.000,88.204,19.288,51.672
9.974,162.216,3.000,73.816,2.000,3.000,1.000,3.000,95.401,8.832,52.007
9.365,195.798,3.000,98.126,6.000,6.000,1.000,5.000,50.515,15.676,62.102
9.449,345.703,1.000,76.327,8.000,2.000,0.000,3.000,36.990,21.752,51.873
6.572,257.026,9.000,31.134,9.000,3.000,0.000,5.000,55.060,80.000,63.674
7.008,162.113,6.000,79.351,1.000,2.000,2.000,6.000,60.049,4.159,52.149
6.340,228.976,7.000,47.561,3.000,3.000,0.000,6.000,35.196,7.211,53.478
8.031,525.804,7.000,90.351,3.000,2.000,2.000,1.000,79.293,19.773,65.231
9.694,287.166,10.000,56.872,6.000,1.000,2.000,10.000,43.093,25.376,72.405
6.723,174.905,2.000,43.973,2.000,1.000,0.000,1.000,40.320,10.937,27.179
7.785,158.662,4.000,62.756,10.000,6.000,1.000,2.000,81.744,6.879,61.266
6.481,219.804,4.000,47.864,10.000,1.000,1.000,5.000,85.101,20.177,61.246
5.849,342.959,6.000,46.508,4.000,1.000,0.000,5.000,46.962,9.738,50.679
5.976,108.030,6.000,70.128,5.000,3.000,0.000,2.000,84.952,29.986,54.498
5.290,313.059,8.000,83.714,5.000,2.000,1.000,5.000,54.337,18.836,61.891
9.746,172.399,6.000,88.447,1.000,2.000,0.000,6.000,55.028,19.866,54.146
7.014,191.014,3.000,57.837,9.000,3.000,0.000,3.000,42.958,27.870,52.136
9.171,791.379,6.000,34.676,8.000,1.000,1.000,7.000,49.723,39.754,68.021
8.407,292.618,10.000,63.878,4.000,2.000,0.000,2.000,37.520,7.821,58.820
5.960,127.945,6.000,60.365,6.000,4.000,1.000,3.000,78.678,12.343,56.650
5.877,247.205,6.000,43.789,4.000,1.000,1.000,3.000,90.339,29.970,56.581
9.060,354.106,2.000,92.730,3.000,6.000,1.000,4.000,38.142,15.197,60.578
6.324,294.729,1.000,98.190,4.000,1.000,0.000,4.000,51.601,10.496,45.465
9.566,25.208,3.000,33.622,2.000,2.000,0.000,0.000,57.503,14.192,37.959
5.700,185.488,1.000,85.702,9.000,8.000,2.000,5.000,60.515,37.904,65.213
8.389,254.496,5.000,75.200,7.000,0.000,0.000,5.000,88.573,14.622,53.072
9.072,240.928,9.000,48.301,10.000,8.000,0.000,5.000,37.787,21.236,69.497
6.176,135.881,5.000,74.461,1.000,0.000,0.000,8.000,74.917,12.142,43.454
6.381,298.047,7.000,39.005,7.000,0.000,0.000,5.000,69.597,5.030,53.599
9.823,387.436,9.000,34.858,6.000,4.000,1.000,3.000,89.501,24.930,77.814
6.323,46.765,8.000,99.544,7.000,3.000,1.000,5.000,54.881,12.132,55.788
7.150,42.653,7.000,74.546,10.000,3.000,1.000,5.000,41.618,26.587,59.803
7.163,245.742,8.000,47.726,4.000,2.000,0.000,5.000,43.488,20.687,55.848
6.265,314.246,3.000,61.502,2.000,2.000,1.000,3.000,75.988,17.835,53.221
8.879,121.343,5.000,96.506,1.000,0.000,4.000,3.000,70.474,31.252,54.163
8.859,26.903,4.000,60.711,5.000,0.000,0.000,4.000,73.498,12.160,33.582
6.892,187.677,8.000,93.031,2.000,1.000,1.000,5.000,43.911,24.602,58.628
9.176,243.363,5.000,90.817,2.000,2.000,1.000,5.000,37.762,14.701,59.223
6.065,152.830,10.000,54.091,2.000,1.000,1.000,3.000,71.822,11.565,45.366
5.022,359.767,2.000,78.721,3.000,3.000,0.000,2.000,40.269,19.528,49.689
7.856,233.507,2.000,76.235,2.000,0.000,2.000,7.000,95.427,10.693,52.698
9.970,111.512,8.000,83.985,5.000,2.000,0.000,5.000,87.216,12.489,54.863
5.193,120.620,8.000,55.615,7.000,4.000,1.000,4.000,46.697,16.348,58.467
6.040,190.554,7.000,33.657,3.000,1.000,2.000,2.000,73.860,30.298,54.962
7.595,145.327,4.000,41.973,2.000,2.000,0.000,3.000,43.582,32.131,40.829
9.050,40.011,1.000,73.159,6.000,3.000,0.000,8.000,95.851,7.062,46.630
5.445,220.123,4.000,84.257,1.000,1.000,0.000,7.000,73.314,11.229,45.212
6.976,123.064,5.000,82.923,8.000,1.000,1.000,5.000,55.654,22.206,52.763
8.735,139.443,5.000,70.858,4.000,4.000,2.000,2.000,79.226,10.254,57.230
6.858,81.157,10.000,35.933,5.000,3.000,1.000,3.000,35.165,11.071,54.728
5.944,484.121,9.000,31.210,3.000,1.000,0.000,8.000,53.711,14.335,60.426
5.977,281.362,8.000,84.750,3.000,2.000,1.000,7.000,50.221,21.588,64.352
7.050,559.598,1.000,68.456,2.000,4.000,0.000,8.000,57.502,17.580,60.459
7.397,152.270,2.000,84.790,6.000,1.000,0.000,6.000,40.545,32.380,48.106
9.309,291.939,5.000,41.395,2.000,3.000,0.000,5.000,97.919,16.251,61.484
8.211,222.752,7.000,58.520,7.000,2.000,2.000,7.000,65.413,17.755,67.893
8.452,114.934,7.000,94.342,3.000,5.000,2.000,2.000,90.667,14.683,65.243
9.915,151.132,3.000,42.012,6.000,3.000,1.000,3.000,38.868,19.005,53.131
7.059,281.019,2.000,34.307,6.000,1.000,0.000,2.000,89.914,11.649,43.207
7.017,81.059,4.000,75.743,7.000,2.000,3.000,4.000,77.447,19.595,54.860
9.617,362.053,8.000,71.618,8.000,1.000,1.000,4.000,79.120,10.081,67.452
6.229,210.386,10.000,96.642,6.000,2.000,0.000,2.000,87.412,28.866,63.672
8.649,331.981,10.000,93.453,9.000,1.000,1.000,4.000,69.195,15.255,79.621
8.773,244.011,6.000,82.460,3.000,4.000,3.000,2.000,76.211,35.776,73.443
5.489,47.120,1.000,31.341,8.000,2.000,0.000,8.000,93.486,28.575,43.719
7.341,185.588,10.000,63.627,4.000,4.000,2.000,3.000,43.132,18.056,66.692
6.003,367.082,2.000,92.727,7.000,3.000,0.000,4.000,38.618,22.746,53.727
5.927,208.258,3.000,60.356,5.000,3.000,0.000,1.000,98.875,19.837,47.886
7.319,188.965,10.000,97.350,10.000,2.000,2.000,2.000,92.297,7.169,71.197
6.447,208.118,6.000,75.674,3.000,3.000,0.000,1.000,68.409,17.608,50.898
8.980,36.930,2.000,37.662,6.000,1.000,0.000,7.000,85.750,17.060,40.320
9.538,391.406,6.000,65.649,2.000,2.000,2.000,6.000,92.325,14.608,69.808
9.014,19.830,1.000,78.693,7.000,0.000,0.000,5.000,65.346,20.768,41.885
6.330,443.559,4.000,34.576,1.000,1.000,1.000,6.000,41.367,17.859,48.604
6.371,144.406,10.000,54.125,5.000,2.000,0.000,3.000,66.242,18.591,58.809
6.274,255.525,3.000,80.196,1.000,4.000,1.000,4.000,57.839,34.745,56.925
5.675,33.722,9.000,40.995,4.000,3.000,1.000,3.000,36.504,16.316,51.706
9.719,312.041,6.000,54.384,5.000,1.000,3.000,4.000,97.338,24.842,66.672
7.010,278.280,7.000,78.294,4.000,3.000,1.000,4.000,81.526,15.179,65.704
6.123,267.232,8.000,84.288,4.000,3.000,0.000,3.000,86.078,35.123,64.758
9.233,32.131,6.000,66.296,2.000,3.000,0.000,4.000,73.789,22.225,52.953
6.996,103.085,1.000,96.980,8.000,3.000,1.000,6.000,52.496,18.078,55.893
5.176,244.876,10.000,94.773,8.000,1.000,0.000,6.000,73.006,10.799,65.637
5.810,384.669,5.000,63.141,5.000,3.000,1.000,7.000,79.218,35.559,67.002
8.196,91.045,7.000,41.219,1.000,2.000,0.000,5.000,73.827,27.497,50.605
8.915,93.139,6.000,84.105,1.000,0.000,0.000,3.000,43.264,10.288,35.417
6.055,234.174,7.000,47.020,7.000,1.000,2.000,5.000,87.881,5.821,58.370
9.587,747.912,4.000,88.997,10.000,1.000,0.000,5.000,54.341,13.478,65.739
9.255,116.534,9.000,71.100,9.000,1.000,1.000,7.000,60.788,8.810,59.903
9.242,143.108,3.000,57.587,5.000,1.000,0.000,6.000,70.796,14.361,43.743
6.138,127.710,7.000,68.947,5.000,3.000,0.000,6.000,98.546,23.987,56.700
5.253,172.687,6.000,67.297,2.000,2.000,0.000,2.000,55.314,27.395,47.436
9.337,404.166,6.000,94.731,1.000,2.000,1.000,5.000,37.722,5.418,60.206
6.529,179.339,1.000,45.005,8.000,5.000,2.000,6.000,98.210,6.866,61.085
8.095,792.629,4.000,94.971,5.000,0.000,1.000,2.000,97.236,8.631,63.522
8.800,203.078,1.000,32.194,5.000,3.000,1.000,4.000,47.888,17.451,49.437
5.641,429.046,6.000,83.844,4.000,4.000,1.000,8.000,88.888,28.428,73.631
8.904,151.165,7.000,94.377,4.000,1.000,0.000,5.000,94.775,15.225,56.654
9.693,67.140,6.000,57.584,10.000,4.000,1.000,7.000,35.844,5.309,59.105
8.642,179.128,8.000,35.115,9.000,4.000,0.000,5.000,84.059,18.673,66.274
7.206,269.891,4.000,86.327,7.000,0.000,2.000,5.000,46.693,12.085,63.396
9.383,103.825,4.000,89.001,4.000,2.000,2.000,1.000,88.767,12.203,54.081
7.637,386.776,5.000,53.538,8.000,1.000,0.000,4.000,36.362,17.357,58.294
8.724,132.499,3.000,66.302,4.000,4.000,1.000,4.000,79.931,21.249,56.182
9.103,81.185,9.000,86.663,6.000,0.000,2.000,9.000,88.090,26.724,66.192
8.747,701.157,9.000,43.443,2.000,3.000,0.000,5.000,37.317,28.867,66.271
6.439,99.486,5.000,74.028,8.000,2.000,0.000,5.000,84.209,24.799,51.850
5.589,129.533,8.000,60.144,1.000,3.000,1.000,7.000,42.720,23.273,54.244
6.192,299.762,1.000,42.209,8.000,5.000,3.000,4.000,40.141,6.607,53.983
7.514,147.329,2.000,88.201,7.000,4.000,0.000,3.000,94.843,22.257,60.887
7.526,83.702,3.000,52.728,1.000,2.000,0.000,4.000,94.997,14.529,42.025
7.913,119.892,4.000,95.410,6.000,2.000,1.000,5.000,83.174,28.633,56.798
6.976,582.894,3.000,69.825,3.000,2.000,0.000,3.000,92.863,11.600,49.405
8.934,276.300,6.000,66.016,5.000,1.000,0.000,2.000,36.086,13.857,52.505
9.566,313.069,8.000,59.631,1.000,2.000,0.000,5.000,68.259,10.697,57.191
6.234,226.435,5.000,58.047,8.000,7.000,2.000,2.000,91.656,11.886,71.393
8.683,253.209,5.000,87.258,6.000,2.000,1.000,6.000,93.030,31.928,70.581
8.390,139.114,1.000,77.425,4.000,3.000,0.000,5.000,58.857,10.998,46.670
7.615,207.368,3.000,84.158,9.000,1.000,0.000,4.000,56.100,16.523,50.956
5.943,29.197,9.000,59.476,7.000,5.000,1.000,4.000,80.499,11.601,59.329
8.976,352.059,9.000,48.301,7.000,3.000,2.000,5.000,38.911,16.507,75.646
9.803,138.158,2.000,36.081,2.000,1.000,2.000,5.000,85.734,18.681,48.549
8.609,72.416,1.000,84.366,6.000,3.000,0.000,4.000,51.229,22.091,45.317
9.589,215.695,9.000,59.069,8.000,3.000,0.000,6.000,68.902,15.621,64.395
9.921,163.772,2.000,65.646,10.000,1.000,0.000,2.000,47.516,33.565,55.627
6.760,343.995,6.000,62.854,7.000,2.000,0.000,4.000,82.733,5.763,59.236
8.191,181.972,9.000,60.180,2.000,3.000,0.000,5.000,97.171,10.743,59.127
7.370,117.871,8.000,77.873,7.000,5.000,3.000,6.000,70.154,10.459,66.770
9.933,185.128,6.000,72.611,1.000,1.000,1.000,7.000,96.797,9.012,57.927
5.469,460.392,4.000,98.044,4.000,3.000,1.000,2.000,61.135,21.137,65.846
7.062,351.397,8.000,39.723,10.000,4.000,2.000,5.000,53.616,10.516,76.421
9.378,275.824,7.000,70.146,9.000,5.000,1.000,1.000,89.510,1.966,70.187
6.420,361.267,9.000,34.427,10.000,1.000,0.000,3.000,37.466,17.686,62.549
8.939,290.038,6.000,86.554,4.000,2.000,1.000,4.000,53.276,34.036,64.005
6.914,93.688,10.000,73.142,7.000,1.000,0.000,7.000,79.882,2.678,56.673
9.900,314.728,8.000,59.987,8.000,2.000,0.000,1.000,47.279,20.549,65.171
9.418,389.058,1.000,86.156,3.000,2.000,1.000,4.000,92.879,25.966,61.296
6.507,403.113,3.000,61.850,10.000,2.000,1.000,4.000,66.342,11.329,60.615
8.851,77.809,8.000,45.945,10.000,3.000,1.000,3.000,50.984,18.957,62.054
6.684,129.823,2.000,63.075,2.000,6.000,2.000,4.000,59.132,0.636,49.122
8.032,115.358,8.000,34.958,8.000,4.000,2.000,3.000,53.444,16.873,66.763
8.292,150.081,4.000,92.850,5.000,3.000,2.000,2.000,80.560,21.853,65.117
9.148,256.957,3.000,81.167,7.000,2.000,1.000,5.000,42.144,12.038,61.316
5.122,211.943,6.000,83.222,6.000,3.000,2.000,3.000,90.489,12.291,65.528
6.101,211.986,10.000,91.215,3.000,0.000,0.000,4.000,44.673,19.238,53.402
8.560,60.753,9.000,85.410,1.000,3.000,2.000,2.000,53.360,15.646,58.526
7.818,126.124,5.000,60.230,6.000,4.000,0.000,5.000,75.736,27.755,56.849
7.478,422.136,1.000,38.305,9.000,4.000,1.000,1.000,58.023,16.397,63.521
5.276,387.985,9.000,56.136,9.000,2.000,1.000,6.000,68.153,19.642,76.542
6.741,179.788,9.000,95.386,3.000,3.000,1.000,7.000,71.992,12.453,67.050
9.326,315.289,7.000,96.436,9.000,1.000,3.000,2.000,51.836,12.423,71.517
5.154,241.618,7.000,83.751,4.000,0.000,2.000,3.000,69.749,23.592,57.400
6.982,338.036,6.000,44.310,6.000,1.000,0.000,5.000,96.059,25.078,59.126
9.726,324.325,1.000,43.611,4.000,2.000,1.000,5.000,35.161,6.451,48.634
5.254,190.196,2.000,91.584,6.000,1.000,0.000,6.000,73.755,13.980,44.897
8.749,276.953,2.000,39.934,6.000,0.000,2.000,4.000,55.813,19.756,52.956
6.288,252.424,10.000,70.890,7.000,1.000,0.000,6.000,91.034,2.992,53.964
9.333,193.777,1.000,56.478,5.000,1.000,0.000,8.000,41.278,13.861,42.736
8.730,165.380,6.000,51.141,6.000,2.000,0.000,5.000,38.941,42.665,54.144
9.429,533.548,4.000,77.417,7.000,2.000,0.000,3.000,61.318,9.170,67.043
6.080,193.948,1.000,97.170,5.000,6.000,1.000,4.000,78.793,8.938,54.154
7.656,302.693,10.000,84.434,6.000,3.000,0.000,4.000,35.419,15.083,67.066
8.896,508.203,1.000,64.031,1.000,3.000,1.000,5.000,87.730,15.765,55.800
6.228,276.648,9.000,60.850,9.000,1.000,0.000,4.000,56.873,12.974,64.665
6.154,268.500,8.000,93.536,2.000,2.000,1.000,6.000,94.816,25.386,63.816
5.136,194.741,8.000,70.467,9.000,2.000,1.000,3.000,93.875,4.499,66.200
9.793,255.469,2.000,64.765,8.000,4.000,1.000,5.000,84.648,8.729,61.811
8.550,155.457,9.000,77.799,10.000,6.000,0.000,3.000,82.905,13.912,71.766
8.178,855.885,6.000,46.601,1.000,0.000,1.000,4.000,74.053,28.423,56.514
8.720,62.050,5.000,34.461,3.000,3.000,0.000,5.000,86.642,10.837,44.163
7.658,172.907,7.000,89.858,1.000,2.000,0.000,2.000,46.575,8.155,49.203
7.381,279.660,4.000,72.508,5.000,3.000,0.000,2.000,88.112,3.580,56.741
7.248,268.660,3.000,41.541,10.000,4.000,0.000,5.000,71.739,7.565,58.406
8.202,155.260,3.000,50.863,8.000,3.000,2.000,4.000,85.828,3.869,57.566
6.008,43.101,6.000,99.295,8.000,3.000,0.000,4.000,67.097,10.376,52.324
9.440,71.537,7.000,74.410,9.000,3.000,0.000,5.000,76.012,20.903,62.896
9.059,222.235,3.000,74.528,1.000,5.000,3.000,5.000,57.204,18.859,56.949
6.748,31.255,3.000,35.051,8.000,2.000,0.000,7.000,62.587,21.504,38.261
7.893,292.732,10.000,97.829,4.000,3.000,1.000,4.000,58.710,6.730,64.056
5.705,408.952,6.000,92.495,7.000,3.000,0.000,3.000,83.138,5.248,64.156
9.862,327.223,9.000,68.345,8.000,2.000,0.000,4.000,48.036,18.281,65.977
9.514,369.776,4.000,51.657,7.000,2.000,0.000,3.000,95.484,24.221,63.058
9.609,32.581,3.000,78.864,5.000,3.000,3.000,2.000,88.903,15.081,53.272
6.661,159.817,3.000,88.336,7.000,3.000,2.000,2.000,91.013,19.096,59.292
5.846,87.758,6.000,85.028,5.000,3.000,2.000,7.000,94.409,14.480,60.470
6.059,50.472,8.000,98.393,7.000,2.000,2.000,5.000,63.341,11.295,63.196
5.450,136.149,6.000,74.580,5.000,4.000,1.000,3.000,92.974,12.483,58.901
5.601,500.369,3.000,52.486,4.000,4.000,1.000,6.000,63.867,23.991,67.765
5.357,587.421,10.000,64.855,3.000,1.000,1.000,4.000,41.604,14.333,62.204
9.949,97.475,6.000,87.142,4.000,4.000,0.000,3.000,38.223,23.846,51.815
5.370,203.697,4.000,48.574,8.000,3.000,2.000,4.000,39.133,16.436,55.264
5.663,253.051,1.000,46.199,9.000,2.000,0.000,2.000,47.220,10.264,44.799
9.136,160.668,6.000,80.738,2.000,3.000,0.000,5.000,58.387,19.768,55.266
7.901,427.659,7.000,61.110,2.000,2.000,0.000,7.000,98.651,14.636,61.854
8.872,137.733,10.000,87.160,6.000,0.000,0.000,4.000,50.678,27.034,55.784
8.155,120.769,3.000,40.058,8.000,1.000,1.000,9.000,94.344,8.898,50.510
9.411,101.769,2.000,53.499,2.000,4.000,0.000,5.000,87.678,3.919,44.113
8.192,159.839,10.000,48.767,4.000,1.000,1.000,8.000,90.973,20.962,62.651
7.611,11.526,6.000,78.851,1.000,4.000,0.000,7.000,86.010,30.268,50.144
8.564,165.478,1.000,83.153,1.000,1.000,0.000,4.000,98.251,24.191,44.066
7.237,212.498,2.000,61.920,2.000,2.000,0.000,3.000,42.788,31.680,43.597
6.730,221.877,5.000,63.462,8.000,2.000,1.000,5.000,66.134,35.496,61.271
7.338,83.333,7.000,39.242,9.000,3.000,1.000,6.000,57.284,13.446,56.913
5.849,218.958,3.000,79.128,5.000,4.000,5.000,1.000,53.475,7.785,57.519
8.983,215.823,4.000,99.462,2.000,2.000,0.000,7.000,64.044,1.952,53.528
6.304,219.144,8.000,84.455,10.000,2.000,3.000,4.000,66.260,4.205,66.797
5.768,331.352,10.000,45.618,3.000,1.000,2.000,6.000,99.087,20.427,66.695
6.232,80.392,5.000,73.619,2.000,3.000,0.000,3.000,52.204,4.440,41.958
9.210,162.082,5.000,50.647,2.000,0.000,1.000,7.000,94.259,17.456,46.913
6.651,40.260,4.000,32.112,4.000,1.000,0.000,8.000,45.853,21.237,35.567
8.430,311.587,2.000,42.588,8.000,1.000,1.000,2.000,78.228,15.448,52.488
9.282,91.449,1.000,37.182,4.000,6.000,1.000,9.000,54.852,12.326,50.058
5.389,364.847,9.000,43.715,5.000,2.000,1.000,3.000,97.425,8.590,61.597
8.825,373.141,1.000,85.692,4.000,2.000,1.000,3.000,76.250,32.900,59.754
6.538,173.877,9.000,50.498,10.000,0.000,1.000,8.000,39.174,2.280,51.804
6.083,167.330,3.000,82.993,7.000,1.000,1.000,2.000,95.030,8.567,51.096
8.445,57.141,7.000,96.420,7.000,3.000,2.000,3.000,54.098,12.376,65.966
9.549,199.094,10.000,70.199,5.000,5.000,1.000,6.000,95.281,11.484,70.682
6.475,329.479,8.000,63.979,6.000,3.000,0.000,2.000,35.877,22.018,63.218
7.844,238.151,8.000,82.509,9.000,3.000,0.000,4.000,49.215,16.418,65.561
6.449,460.608,3.000,36.796,7.000,2.000,0.000,7.000,53.096,6.269,54.348
7.771,148.409,6.000,59.975,9.000,3.000,0.000,6.000,79.719,23.349,61.775
8.109,148.263,7.000,64.918,1.000,5.000,3.000,3.000,86.867,8.558,58.758
8.052,96.672,5.000,88.174,9.000,1.000,1.000,1.000,75.956,17.635,52.821
8.118,656.104,1.000,86.995,10.000,1.000,1.000,2.000,39.031,31.289,58.947
5.675,56.647,10.000,89.379,7.000,3.000,2.000,2.000,63.186,9.927,65.839
8.468,314.137,2.000,78.851,10.000,1.000,0.000,4.000,67.109,10.284,51.598
8.374,333.920,10.000,67.139,6.000,4.000,0.000,4.000,58.317,13.451,71.037
8.413,324.703,10.000,87.952,3.000,2.000,0.000,4.000,62.270,13.750,64.215
5.370,103.408,1.000,91.130,7.000,5.000,1.000,5.000,66.370,16.797,53.268
7.234,173.806,8.000,63.634,7.000,2.000,2.000,7.000,71.010,19.968,69.439
7.045,285.044,7.000,98.996,2.000,3.000,2.000,7.000,76.012,8.234,66.727
5.434,122.505,3.000,91.237,3.000,2.000,1.000,9.000,48.658,14.653,50.300
6.112,156.501,9.000,65.733,3.000,1.000,2.000,2.000,93.610,7.353,60.470
7.205,124.177,2.000,34.850,6.000,0.000,2.000,2.000,88.812,21.490,45.102
8.715,208.723,3.000,45.714,2.000,2.000,3.000,5.000,86.130,26.383,50.827
6.185,199.242,10.000,84.348,8.000,1.000,0.000,9.000,87.381,11.427,64.649
9.149,513.107,8.000,37.781,2.000,0.000,0.000,8.000,69.155,15.955,57.417
7.729,289.201,2.000,62.886,10.000,2.000,3.000,5.000,96.949,30.321,69.448
8.802,69.294,2.000,72.340,7.000,3.000,0.000,3.000,58.787,18.272,42.800
7.363,74.287,3.000,91.484,4.000,2.000,1.000,3.000,62.299,7.384,45.712
7.496,317.804,1.000,89.298,4.000,2.000,2.000,1.000,88.058,5.010,53.658
8.099,197.740,2.000,83.499,7.000,2.000,2.000,5.000,91.485,9.068,61.210
9.640,631.873,6.000,58.539,1.000,7.000,0.000,8.000,64.184,12.810,63.579
7.459,630.745,1.000,39.957,8.000,3.000,1.000,6.000,90.121,22.942,67.440
7.643,96.218,3.000,76.875,6.000,0.000,0.000,7.000,76.160,12.117,39.773
8.010,240.642,4.000,42.690,3.000,1.000,1.000,4.000,60.221,7.010,46.220
8.688,75.096,10.000,69.292,9.000,1.000,1.000,3.000,93.857,12.532,59.976
5.359,314.290,10.000,98.647,7.000,4.000,1.000,8.000,67.707,12.975,76.942
7.578,559.815,9.000,68.522,2.000,2.000,1.000,3.000,90.194,9.318,72.496
7.408,218.188,4.000,75.189,7.000,2.000,0.000,6.000,87.807,12.173,53.596
9.608,144.531,6.000,77.430,5.000,2.000,2.000,4.000,41.281,16.073,58.574
7.468,257.585,6.000,88.127,8.000,3.000,0.000,2.000,91.623,4.539,58.446
7.342,357.451,9.000,60.449,5.000,4.000,1.000,7.000,45.557,12.995,71.420
9.811,359.013,8.000,64.826,10.000,2.000,2.000,3.000,87.901,46.973,80.684
7.253,145.738,10.000,42.318,10.000,3.000,0.000,6.000,84.112,17.909,64.941
5.904,120.140,6.000,73.028,1.000,1.000,1.000,4.000,82.916,23.139,52.181
6.085,231.896,10.000,50.703,5.000,4.000,1.000,6.000,94.857,30.187,75.152
5.476,153.080,8.000,65.534,3.000,5.000,2.000,6.000,74.036,33.323,63.913
5.003,427.758,8.000,83.659,5.000,3.000,0.000,3.000,57.009,10.424,65.466
7.160,151.724,7.000,31.230,2.000,2.000,1.000,5.000,73.558,4.824,46.746
8.846,207.314,4.000,69.474,6.000,2.000,0.000,2.000,80.248,25.306,51.936
8.667,253.268,7.000,42.141,2.000,5.000,2.000,7.000,58.700,12.915,63.505
5.161,58.567,4.000,49.557,7.000,1.000,1.000,7.000,51.529,13.316,41.326
7.850,128.130,7.000,32.430,5.000,0.000,0.000,2.000,66.830,19.820,46.282
5.771,614.475,3.000,41.862,10.000,1.000,0.000,3.000,93.390,14.804,54.838
9.705,347.693,8.000,99.064,9.000,1.000,0.000,9.000,75.980,16.939,77.533
5.837,150.218,6.000,99.897,7.000,2.000,0.000,1.000,93.322,17.749,55.681
8.133,315.138,8.000,80.389,5.000,2.000,0.000,2.000,65.883,25.494,62.777
6.631,423.259,3.000,72.830,8.000,0.000,2.000,7.000,96.554,18.801,65.502
8.208,167.958,8.000,84.390,7.000,2.000,2.000,3.000,86.451,7.244,69.993
7.061,336.962,9.000,92.759,2.000,2.000,1.000,7.000,58.048,7.146,64.892
8.798,306.371,2.000,66.351,4.000,4.000,0.000,3.000,64.134,9.847,52.716
6.153,76.170,4.000,32.470,10.000,4.000,0.000,1.000,99.855,18.209,54.716
9.529,168.635,7.000,79.658,4.000,0.000,0.000,3.000,96.991,7.655,51.634
7.501,521.690,9.000,98.922,1.000,6.000,1.000,3.000,61.666,7.651,67.287
8.780,603.517,8.000,48.064,9.000,0.000,2.000,3.000,89.181,17.470,72.255
9.249,349.554,5.000,62.443,10.000,1.000,1.000,7.000,94.132,10.385,64.311
9.994,124.817,3.000,55.289,7.000,3.000,1.000,4.000,51.364,31.868,56.475
6.120,22.955,10.000,57.333,7.000,3.000,0.000,6.000,68.644,10.732,56.464
6.434,112.010,9.000,80.498,4.000,2.000,0.000,2.000,84.211,21.893,56.028
6.252,67.409,9.000,56.488,4.000,4.000,0.000,4.000,39.996,13.554,49.586
6.314,546.136,4.000,95.876,10.000,1.000,1.000,4.000,87.369,6.662,64.012
7.912,39.279,5.000,85.276,9.000,7.000,0.000,6.000,48.718,10.519,56.711
9.968,78.010,3.000,31.935,5.000,1.000,0.000,6.000,66.133,14.118,44.606
9.951,228.624,10.000,87.298,4.000,4.000,1.000,5.000,59.388,10.637,71.693
7.634,196.759,9.000,84.100,2.000,3.000,0.000,3.000,83.111,29.914,59.896
8.195,505.477,2.000,66.155,1.000,2.000,0.000,6.000,50.156,8.296,51.677
9.300,293.952,3.000,64.777,5.000,2.000,0.000,6.000,65.313,11.432,54.526
9.665,177.689,6.000,88.487,6.000,0.000,1.000,6.000,52.263,18.673,57.823
6.019,432.793,5.000,59.735,7.000,3.000,0.000,4.000,38.562,37.248,64.789
7.643,147.036,5.000,41.162,9.000,3.000,2.000,4.000,89.828,20.200,64.224
9.164,531.624,4.000,51.903,4.000,6.000,1.000,5.000,49.594,18.013,63.497
6.516,100.189,7.000,48.564,2.000,4.000,0.000,6.000,50.107,23.548,51.467
7.199,191.690,9.000,77.674,9.000,0.000,0.000,5.000,38.039,27.116,62.000
9.928,27.223,10.000,42.521,8.000,2.000,0.000,6.000,67.675,30.262,65.113
9.925,361.389,5.000,75.134,6.000,2.000,0.000,8.000,52.483,20.174,62.412
9.531,219.762,9.000,62.618,1.000,3.000,1.000,7.000,71.758,16.616,68.561
8.992,532.525,7.000,88.776,5.000,3.000,0.000,4.000,82.029,8.480,67.342
6.346,164.189,2.000,63.950,7.000,2.000,1.000,8.000,37.985,17.325,51.237
6.604,57.768,8.000,95.086,9.000,2.000,1.000,4.000,48.032,33.439,65.985
7.736,269.253,4.000,93.033,6.000,2.000,2.000,2.000,60.408,2.782,57.751
7.804,131.069,7.000,42.970,5.000,1.000,1.000,10.000,92.185,28.521,58.881
7.528,328.230,8.000,78.032,4.000,3.000,0.000,1.000,42.132,16.571,58.799
8.183,101.924,10.000,45.024,5.000,1.000,0.000,5.000,83.349,24.951,56.230
7.042,473.322,10.000,87.631,1.000,3.000,0.000,2.000,96.983,20.662,69.555
8.746,207.211,9.000,74.501,2.000,3.000,1.000,4.000,40.048,15.159,59.063
6.668,178.190,6.000,50.588,8.000,0.000,0.000,8.000,56.646,16.554,54.712
6.653,453.367,5.000,47.439,4.000,3.000,1.000,8.000,85.022,21.623,65.596
5.636,364.877,5.000,60.070,9.000,1.000,1.000,4.000,95.787,8.820,63.305
5.944,113.585,10.000,86.051,4.000,1.000,1.000,3.000,51.037,15.237,54.427
9.253,358.045,3.000,85.731,10.000,2.000,1.000,4.000,76.722,19.977,72.664
7.231,311.167,6.000,32.336,2.000,1.000,3.000,6.000,82.552,22.854,57.542
6.139,185.526,7.000,51.160,2.000,5.000,1.000,3.000,61.262,21.589,58.266
8.797,339.433,1.000,59.600,6.000,3.000,2.000,8.000,78.519,12.736,71.244
7.770,471.981,7.000,70.991,9.000,5.000,0.000,5.000,70.693,15.896,70.819
5.106,189.483,3.000,40.467,2.000,4.000,0.000,5.000,95.916,7.132,43.201
6.582,189.946,3.000,53.470,6.000,2.000,0.000,5.000,70.017,27.701,55.603
5.885,182.595,7.000,91.992,3.000,5.000,1.000,5.000,68.580,17.682,61.977
8.279,109.960,1.000,63.358,8.000,3.000,0.000,4.000,78.504,15.856,49.465
6.375,188.076,2.000,82.090,6.000,1.000,1.000,3.000,44.899,15.812,45.893
5.325,173.355,5.000,63.934,7.000,4.000,0.000,8.000,69.512,13.718,62.307
5.275,166.086,6.000,62.549,3.000,3.000,1.000,4.000,38.295,23.084,48.734
7.909,164.261,2.000,73.535,3.000,3.000,0.000,2.000,75.757,16.055,49.046
5.109,77.829,4.000,48.156,7.000,3.000,2.000,4.000,69.753,8.389,47.858
9.244,388.827,4.000,47.486,4.000,2.000,1.000,6.000,89.561,10.024,57.728
5.777,127.972,6.000,99.255,7.000,7.000,0.000,5.000,86.851,6.407,56.229
8.033,488.921,4.000,90.829,2.000,3.000,0.000,1.000,63.115,32.717,59.306
7.223,92.688,1.000,81.643,4.000,4.000,1.000,8.000,77.835,14.366,50.889
7.214,560.299,6.000,39.600,2.000,2.000,3.000,5.000,54.715,34.618,62.174
5.359,152.437,9.000,32.116,1.000,1.000,1.000,3.000,60.209,17.006,44.024
9.014,360.882,6.000,42.279,3.000,4.000,1.000,2.000,40.072,12.378,58.854
9.465,218.282,4.000,95.641,5.000,7.000,0.000,5.000,41.546,13.911,56.619
5.055,68.782,5.000,87.140,2.000,1.000,3.000,4.000,88.218,16.697,49.119
5.893,72.056,2.000,66.615,1.000,2.000,0.000,6.000,98.176,8.548,35.705
9.520,119.818,3.000,97.815,9.000,1.000,0.000,4.000,66.799,6.975,43.703
7.747,146.036,5.000,40.261,6.000,2.000,1.000,3.000,43.318,26.175,51.951
5.750,193.799,6.000,69.141,8.000,5.000,2.000,4.000,40.742,12.005,66.331
6.014,251.595,5.000,42.826,8.000,2.000,1.000,13.000,37.951,35.074,60.992
8.300,176.053,10.000,51.450,2.000,6.000,0.000,7.000,92.121,20.366,61.457
8.624,242.478,7.000,95.809,7.000,0.000,0.000,7.000,63.743,11.450,60.519
7.997,270.035,1.000,90.779,9.000,2.000,2.000,4.000,92.224,42.279,63.193
9.766,170.403,6.000,37.126,5.000,2.000,0.000,2.000,58.584,26.879,51.221
7.470,307.809,6.000,47.468,9.000,1.000,0.000,4.000,73.224,5.714,56.197
6.501,354.070,1.000,71.616,10.000,0.000,1.000,2.000,78.800,9.517,56.107
7.386,274.707,4.000,34.295,6.000,3.000,2.000,5.000,38.252,1.077,57.442
6.798,285.276,9.000,68.506,2.000,3.000,2.000,6.000,79.304,13.144,69.177
6.122,227.880,4.000,70.914,7.000,2.000,1.000,5.000,86.982,39.320,62.835
5.230,410.839,5.000,50.368,9.000,2.000,1.000,4.000,36.435,4.411,56.577
6.761,196.995,3.000,50.519,6.000,0.000,1.000,5.000,38.823,18.374,49.265
8.557,121.519,1.000,46.036,9.000,0.000,0.000,2.000,68.936,47.542,34.524
5.092,201.161,4.000,95.497,6.000,2.000,1.000,5.000,98.140,13.666,61.052
7.196,69.845,8.000,57.221,5.000,0.000,0.000,5.000,98.261,17.764,46.478
8.220,62.588,10.000,70.969,10.000,0.000,0.000,6.000,42.123,11.891,56.064
8.052,355.174,7.000,51.110,2.000,3.000,2.000,4.000,84.457,9.330,69.531
8.883,493.966,9.000,79.186,5.000,3.000,2.000,2.000,86.566,22.675,81.214
9.053,156.000,7.000,37.101,2.000,3.000,1.000,4.000,92.002,23.031,58.930
8.559,357.387,7.000,35.015,7.000,1.000,1.000,4.000,37.829,19.416,63.879
5.514,34.599,5.000,82.100,10.000,2.000,0.000,2.000,98.208,10.766,46.445
7.375,275.288,1.000,80.867,10.000,1.000,1.000,4.000,88.411,19.587,55.630
8.017,197.560,5.000,48.550,3.000,2.000,1.000,7.000,74.500,5.469,52.495
6.228,545.413,9.000,54.853,8.000,7.000,1.000,3.000,39.344,20.725,73.999
5.213,178.328,6.000,97.008,9.000,2.000,0.000,6.000,50.610,8.941,55.583
6.118,87.075,8.000,37.303,9.000,0.000,1.000,3.000,57.531,8.517,51.325
7.274,54.974,1.000,42.820,6.000,4.000,1.000,5.000,90.730,33.697,54.357
7.070,201.051,3.000,60.103,2.000,1.000,0.000,5.000,84.473,2.171,37.853
5.883,227.567,3.000,49.747,5.000,2.000,0.000,8.000,96.147,13.429,51.923
9.122,170.541,4.000,75.431,8.000,3.000,0.000,1.000,62.465,5.862,48.801
9.628,362.588,10.000,78.342,7.000,0.000,2.000,5.000,94.592,16.398,72.669
6.007,460.457,5.000,66.847,4.000,1.000,0.000,5.000,93.221,9.568,53.413
9.648,154.741,7.000,72.784,3.000,4.000,1.000,7.000,36.202,6.162,59.469
5.089,41.301,7.000,60.339,7.000,2.000,0.000,2.000,50.552,11.994,42.956
9.625,243.439,5.000,83.227,5.000,6.000,1.000,3.000,86.992,8.088,65.611
9.760,416.126,10.000,32.947,5.000,4.000,1.000,4.000,78.231,8.315,74.458
5.060,155.252,3.000,51.902,10.000,3.000,1.000,2.000,49.488,21.141,56.465
8.815,285.243,1.000,77.910,1.000,3.000,0.000,6.000,85.796,5.257,50.368
9.851,81.810,8.000,53.075,3.000,1.000,0.000,3.000,55.576,2.704,40.843
9.530,239.430,7.000,35.497,10.000,5.000,2.000,2.000,74.139,16.962,75.414
9.854,288.733,3.000,54.151,10.000,1.000,1.000,4.000,95.753,13.346,59.627
7.752,244.039,9.000,79.805,4.000,4.000,0.000,3.000,50.575,9.314,62.800
5.391,636.480,2.000,38.539,10.000,5.000,0.000,7.000,38.599,21.017,61.475
9.249,490.178,3.000,80.724,3.000,3.000,1.000,5.000,77.909,35.362,70.178
8.069,320.076,2.000,84.282,1.000,3.000,0.000,3.000,82.347,14.470,53.523
8.074,391.288,2.000,74.471,4.000,3.000,2.000,6.000,55.318,14.671,62.789
7.086,238.293,8.000,47.096,6.000,2.000,1.000,9.000,65.447,6.784,60.901
7.859,191.449,8.000,86.371,1.000,2.000,1.000,3.000,67.571,5.464,62.105
5.768,143.222,7.000,45.011,2.000,2.000,2.000,7.000,88.037,13.665,52.338
8.699,80.333,9.000,93.407,8.000,6.000,0.000,5.000,80.050,4.208,62.633
5.375,504.590,1.000,79.465,7.000,3.000,0.000,5.000,52.744,3.678,52.424
8.649,652.073,7.000,33.830,7.000,2.000,4.000,6.000,52.746,18.534,68.737
9.245,204.457,2.000,85.950,10.000,2.000,2.000,6.000,56.123,5.495,59.171
7.362,206.938,10.000,65.450,3.000,3.000,1.000,6.000,44.487,18.988,63.730
7.549,296.759,7.000,61.685,9.000,6.000,0.000,8.000,43.728,28.121,72.824
6.561,178.913,8.000,59.436,4.000,4.000,0.000,6.000,88.132,17.712,57.304
9.847,89.164,6.000,72.464,10.000,2.000,0.000,5.000,89.061,4.829,56.175
8.666,68.027,4.000,80.720,8.000,4.000,1.000,7.000,51.905,42.458,60.675
6.845,637.735,7.000,92.718,3.000,1.000,0.000,7.000,90.276,15.260,60.445
5.874,47.297,9.000,49.106,3.000,1.000,2.000,4.000,72.098,14.480,53.497
6.098,250.371,2.000,74.154,6.000,1.000,0.000,5.000,81.290,13.137,46.117
7.320,53.320,9.000,78.044,6.000,2.000,0.000,7.000,92.229,9.131,53.199
9.713,185.301,8.000,77.236,3.000,3.000,1.000,4.000,55.042,7.170,62.050
8.671,154.163,1.000,64.510,3.000,2.000,1.000,5.000,78.045,2.180,46.958
6.076,61.552,10.000,57.372,9.000,4.000,1.000,5.000,55.055,5.825,63.348
9.298,303.643,2.000,83.367,8.000,1.000,1.000,4.000,93.689,12.351,57.717
6.891,84.036,7.000,51.001,2.000,1.000,0.000,3.000,54.473,18.402,40.578
9.259,54.384,2.000,44.564,8.000,2.000,2.000,5.000,75.647,7.716,49.254
6.208,325.949,2.000,68.208,2.000,3.000,1.000,4.000,47.417,17.073,52.078
8.093,154.667,7.000,48.733,5.000,2.000,1.000,4.000,59.036,11.773,55.914
9.633,111.357,7.000,32.326,1.000,3.000,0.000,6.000,57.841,13.582,48.342
6.289,339.160,7.000,33.610,7.000,3.000,0.000,1.000,83.771,23.945,62.283
8.465,80.483,4.000,78.651,2.000,6.000,0.000,6.000,53.629,17.148,48.349
9.937,42.426,9.000,98.120,3.000,4.000,1.000,7.000,56.282,19.279,67.093
5.753,441.033,1.000,61.828,2.000,2.000,0.000,10.000,35.612,44.939,52.731
5.442,582.474,9.000,40.294,2.000,4.000,1.000,5.000,55.529,7.778,60.027
8.371,181.794,4.000,87.266,1.000,6.000,0.000,5.000,52.690,22.791,49.301
6.699,7.864,7.000,48.301,6.000,2.000,1.000,6.000,70.399,19.036,51.128
5.356,180.054,10.000,99.694,9.000,2.000,2.000,3.000,61.116,18.991,73.693
7.377,351.921,3.000,69.428,4.000,1.000,1.000,6.000,98.731,15.905,61.147
8.769,413.001,5.000,46.284,8.000,2.000,1.000,5.000,70.499,17.951,69.685
6.426,88.357,9.000,64.720,6.000,2.000,1.000,2.000,39.729,12.019,52.574
6.675,160.311,9.000,53.477,3.000,3.000,1.000,4.000,87.617,14.634,63.008
9.228,237.179,3.000,84.563,1.000,3.000,1.000,1.000,38.462,25.926,50.912
7.600,338.738,6.000,37.407,8.000,6.000,1.000,6.000,89.420,9.832,69.183
9.214,315.500,4.000,89.990,1.000,0.000,0.000,4.000,61.356,10.560,43.610
7.232,282.790,6.000,83.714,5.000,1.000,0.000,3.000,39.009,18.295,52.536
9.765,412.313,4.000,90.295,1.000,3.000,3.000,3.000,98.529,17.327,66.993
8.254,191.246,1.000,92.650,8.000,4.000,1.000,4.000,67.203,11.728,63.106
5.579,507.518,10.000,46.084,10.000,1.000,1.000,4.000,90.563,18.606,76.684
9.425,131.304,7.000,66.470,4.000,2.000,2.000,2.000,62.336,18.492,59.020
7.446,318.770,5.000,89.495,4.000,1.000,1.000,2.000,65.004,41.193,60.169
5.708,146.053,2.000,56.417,6.000,2.000,0.000,7.000,58.554,48.649,45.516
5.763,183.716,1.000,34.229,6.000,0.000,0.000,5.000,58.980,53.132,32.280
8.438,204.858,5.000,50.414,4.000,1.000,0.000,6.000,86.575,18.377,49.234
5.237,139.932,7.000,46.934,4.000,1.000,0.000,4.000,37.001,24.119,46.607
6.433,423.928,3.000,90.904,2.000,4.000,2.000,7.000,66.841,18.120,69.837
5.699,151.411,8.000,62.469,3.000,5.000,2.000,4.000,52.261,13.728,59.550
7.205,197.522,4.000,77.848,6.000,2.000,1.000,5.000,71.187,19.126,59.135
7.072,294.490,1.000,97.348,8.000,1.000,0.000,10.000,48.989,13.568,53.821
7.609,812.521,6.000,50.943,8.000,1.000,0.000,2.000,57.669,15.175,56.119
6.398,301.661,2.000,83.284,6.000,1.000,4.000,4.000,69.662,14.372,58.835
5.160,209.941,1.000,31.593,8.000,1.000,2.000,0.000,83.218,14.494,44.875
8.072,35.623,2.000,37.288,6.000,1.000,0.000,5.000,96.488,9.940,40.959
6.869,180.223,3.000,41.331,4.000,1.000,0.000,3.000,50.803,22.867,36.047
8.257,121.737,6.000,51.869,4.000,2.000,3.000,6.000,66.389,18.813,56.133
5.543,158.754,10.000,58.209,6.000,3.000,1.000,8.000,57.662,9.707,64.791
5.069,143.787,3.000,63.391,4.000,5.000,2.000,2.000,74.392,14.142,54.362
6.241,292.534,1.000,47.173,8.000,0.000,0.000,2.000,58.821,7.490,40.151
7.283,177.483,2.000,34.635,2.000,4.000,0.000,2.000,41.303,16.610,42.095
6.970,100.175,4.000,77.427,1.000,2.000,0.000,10.000,74.936,25.811,49.142
9.052,361.566,3.000,31.656,5.000,2.000,1.000,3.000,37.312,12.155,49.570
6.889,73.492,4.000,86.663,1.000,2.000,1.000,4.000,37.798,22.590,43.687
7.652,203.259,10.000,95.041,2.000,4.000,1.000,1.000,92.474,14.545,67.469
7.968,181.155,4.000,79.726,4.000,0.000,0.000,5.000,91.568,12.489,47.762
5.109,255.352,7.000,71.717,1.000,0.000,1.000,6.000,71.576,9.330,48.965
7.576,415.085,7.000,75.991,3.000,6.000,0.000,2.000,36.170,13.276,60.953
6.724,890.094,2.000,75.656,6.000,3.000,1.000,6.000,57.302,22.982,61.324
7.106,209.844,3.000,95.219,4.000,3.000,1.000,3.000,57.507,17.911,56.976
5.501,120.211,5.000,97.501,9.000,2.000,0.000,2.000,81.858,8.294,53.613
8.914,111.419,5.000,59.870,1.000,0.000,0.000,4.000,87.774,19.315,44.007
9.712,111.014,1.000,73.196,8.000,3.000,0.000,4.000,58.026,16.235,47.502
5.111,249.048,7.000,86.196,6.000,0.000,0.000,2.000,62.413,7.565,49.120
8.007,27.748,4.000,30.073,7.000,2.000,0.000,0.000,49.603,6.246,34.864
8.819,69.701,4.000,66.891,7.000,4.000,1.000,5.000,82.315,6.056,56.759
6.424,249.206,7.000,75.701,1.000,1.000,2.000,0.000,57.695,23.843,62.133
8.938,373.316,10.000,80.204,8.000,3.000,1.000,13.000,80.856,7.652,84.444
8.162,374.754,9.000,55.815,4.000,1.000,0.000,6.000,80.949,12.662,60.892
9.646,216.805,10.000,50.695,7.000,3.000,2.000,2.000,45.154,18.545,70.161
9.905,342.567,5.000,42.750,3.000,1.000,2.000,7.000,92.556,17.961,63.340
5.212,419.749,2.000,69.047,4.000,3.000,2.000,4.000,88.594,17.963,63.548
7.225,149.728,3.000,94.351,8.000,3.000,1.000,2.000,72.896,7.038,51.487
7.735,392.594,4.000,92.718,10.000,2.000,1.000,8.000,40.611,18.729,72.430
5.734,50.368,4.000,55.198,9.000,1.000,0.000,5.000,45.872,12.335,36.794
6.681,68.002,3.000,48.050,8.000,0.000,0.000,5.000,40.992,15.393,34.008
9.938,156.452,2.000,85.216,6.000,2.000,0.000,4.000,65.135,14.964,55.221
5.081,44.442,2.000,80.749,6.000,5.000,0.000,7.000,52.258,13.656,45.460
7.263,295.727,7.000,65.374,10.000,2.000,1.000,3.000,89.002,25.350,74.571
9.213,133.487,5.000,57.232,3.000,0.000,0.000,3.000,63.337,23.461,41.442
6.620,182.540,1.000,38.666,10.000,2.000,0.000,1.000,64.386,58.610,41.954
7.399,187.425,6.000,84.960,7.000,1.000,1.000,0.000,94.925,31.390,56.560
9.890,153.551,9.000,73.223,7.000,4.000,1.000,11.000,72.555,4.851,78.885
7.374,110.457,5.000,56.382,6.000,2.000,1.000,6.000,60.178,14.441,48.919
5.655,286.312,4.000,94.315,9.000,2.000,0.000,3.000,98.925,29.980,67.261
5.259,131.342,3.000,76.177,7.000,4.000,1.000,5.000,65.058,13.403,56.202
9.727,185.653,4.000,95.047,1.000,3.000,0.000,5.000,72.679,11.751,52.515
6.329,257.095,3.000,63.209,8.000,2.000,0.000,4.000,59.830,6.880,48.470
7.520,417.517,10.000,61.823,8.000,1.000,1.000,4.000,78.498,6.416,68.266
5.454,396.506,10.000,95.607,10.000,3.000,2.000,8.000,85.428,22.385,90.781
7.118,140.384,4.000,97.185,10.000,5.000,2.000,4.000,75.862,15.582,72.029
9.651,105.945,10.000,97.254,10.000,2.000,1.000,4.000,51.147,2.935,66.717
7.512,472.573,9.000,87.323,1.000,1.000,1.000,8.000,96.249,26.296,73.157
9.856,130.794,1.000,62.368,7.000,3.000,0.000,4.000,68.262,28.329,50.715
6.294,278.651,5.000,44.721,10.000,2.000,2.000,5.000,88.691,12.790,71.676
7.523,42.143,7.000,56.841,10.000,3.000,2.000,8.000,35.574,14.604,64.216
9.298,26.932,5.000,95.681,6.000,1.000,1.000,2.000,68.655,31.897,57.475
7.241,209.700,5.000,55.449,10.000,3.000,2.000,3.000,95.813,12.472,64.507
6.397,167.966,5.000,82.970,9.000,5.000,2.000,4.000,79.734,4.196,65.659
9.277,327.467,7.000,94.610,1.000,2.000,0.000,1.000,42.422,22.482,60.035
6.949,111.487,3.000,97.927,9.000,1.000,2.000,2.000,81.148,27.768,58.758
7.654,244.064,6.000,96.337,7.000,2.000,0.000,5.000,35.976,16.027,60.246
9.883,316.027,3.000,68.854,6.000,1.000,0.000,4.000,58.964,7.636,49.536
5.932,115.053,9.000,64.432,2.000,1.000,0.000,3.000,50.386,29.902,46.247
6.507,156.319,1.000,99.135,10.000,3.000,0.000,4.000,51.373,11.325,49.708
5.155,80.038,1.000,45.273,3.000,1.000,1.000,2.000,37.696,8.564,29.512
6.959,335.234,1.000,43.127,5.000,4.000,4.000,5.000,75.114,15.879,60.948
6.001,288.784,4.000,97.423,3.000,1.000,1.000,12.000,83.224,12.669,56.864
8.400,303.297,7.000,78.244,10.000,1.000,0.000,5.000,53.969,21.347,67.256
5.907,167.464,10.000,67.541,5.000,3.000,2.000,5.000,73.145,44.569,67.141
8.374,285.494,5.000,39.243,2.000,2.000,0.000,8.000,67.331,8.233,45.642
6.317,178.450,2.000,65.927,1.000,3.000,0.000,6.000,99.555,23.362,46.635
6.776,524.151,4.000,96.095,10.000,2.000,1.000,4.000,87.802,12.352,75.616
6.744,198.029,2.000,72.202,3.000,1.000,0.000,5.000,96.492,21.269,47.097
8.584,381.817,5.000,58.324,8.000,3.000,1.000,2.000,88.581,16.242,67.089
7.333,168.149,8.000,68.577,1.000,2.000,0.000,3.000,77.749,10.975,50.519
6.806,455.380,1.000,92.030,9.000,4.000,0.000,8.000,39.626,23.761,67.230
9.263,105.727,8.000,93.899,7.000,0.000,2.000,6.000,90.763,11.720,64.478
7.860,265.315,3.000,58.006,3.000,4.000,1.000,4.000,84.466,8.712,58.598
6.069,122.752,7.000,72.564,9.000,5.000,1.000,7.000,53.340,22.842,67.610
9.500,236.913,9.000,49.544,3.000,5.000,2.000,6.000,52.510,8.675,68.695
6.713,131.281,8.000,61.576,10.000,5.000,0.000,3.000,69.076,22.271,68.303
5.195,197.477,7.000,45.392,6.000,6.000,1.000,7.000,53.395,15.200,62.714
7.473,146.080,7.000,67.203,5.000,2.000,1.000,4.000,98.091,15.782,59.006
5.620,308.648,2.000,70.477,1.000,4.000,0.000,5.000,47.582,8.006,47.566
6.192,272.825,2.000,53.649,3.000,6.000,1.000,1.000,44.970,16.236,48.563
8.736,119.422,4.000,49.048,1.000,5.000,1.000,5.000,37.829,11.217,44.753
5.654,116.788,7.000,40.572,9.000,1.000,0.000,5.000,70.918,32.712,54.617
9.035,98.530,7.000,39.768,2.000,2.000,0.000,9.000,83.121,6.311,51.980
9.685,83.391,8.000,79.802,2.000,1.000,0.000,3.000,73.112,26.810,52.190
8.033,322.491,4.000,45.515,2.000,1.000,1.000,6.000,48.538,28.027,54.841
8.552,94.071,9.000,38.258,10.000,2.000,0.000,3.000,95.023,19.160,58.290
8.568,250.635,5.000,99.921,10.000,2.000,1.000,4.000,59.654,31.737,67.572
9.964,136.834,3.000,48.194,8.000,1.000,0.000,1.000,44.152,12.795,40.332
6.708,374.695,8.000,92.723,1.000,6.000,2.000,9.000,47.419,13.801,73.348
5.814,604.971,2.000,72.643,6.000,0.000,2.000,4.000,63.484,19.898,60.230
7.596,7.319,5.000,80.055,10.000,2.000,0.000,5.000,70.384,13.058,49.911
7.666,104.662,8.000,69.264,1.000,4.000,1.000,3.000,74.094,3.324,53.484
5.890,135.141,8.000,42.657,8.000,2.000,1.000,4.000,39.760,6.387,54.907
8.066,171.705,3.000,89.294,1.000,0.000,0.000,6.000,91.387,6.829,44.226
5.071,164.116,2.000,87.958,9.000,2.000,2.000,8.000,56.868,23.036,56.543
9.638,67.150,1.000,54.478,6.000,2.000,0.000,5.000,51.861,14.627,40.476
6.323,612.746,1.000,83.470,9.000,1.000,1.000,4.000,79.692,22.000,60.048
5.198,168.523,9.000,68.013,5.000,1.000,0.000,6.000,74.881,23.956,53.959
5.541,272.009,8.000,93.633,8.000,3.000,0.000,4.000,99.533,12.886,66.651
6.201,277.640,6.000,86.198,9.000,6.000,1.000,5.000,61.673,17.447,66.100
6.370,54.231,6.000,32.870,4.000,1.000,0.000,4.000,46.911,6.210,35.052
5.164,152.365,4.000,91.549,7.000,3.000,0.000,4.000,98.230,9.940,53.947
6.397,322.478,2.000,97.800,5.000,4.000,0.000,2.000,66.331,12.541,53.743
5.965,474.049,1.000,81.951,5.000,1.000,1.000,5.000,77.999,14.899,54.272
6.893,154.762,7.000,38.394,8.000,2.000,1.000,6.000,37.750,5.480,54.046
6.926,63.872,1.000,86.516,3.000,4.000,0.000,5.000,56.833,12.639,43.278
6.695,126.539,2.000,75.324,2.000,3.000,1.000,6.000,99.170,8.736,44.288
6.640,149.861,8.000,53.718,5.000,1.000,0.000,1.000,97.685,42.135,54.057
5.449,145.673,6.000,91.882,9.000,5.000,0.000,8.000,98.970,15.442,67.990
5.126,98.617,5.000,69.590,2.000,2.000,2.000,2.000,88.556,21.916,48.736
6.011,57.848,3.000,89.705,4.000,5.000,1.000,6.000,67.533,21.936,57.885
8.783,79.381,2.000,76.908,7.000,1.000,1.000,3.000,72.181,16.094,48.635
9.954,127.384,5.000,50.196,5.000,3.000,0.000,5.000,39.865,18.660,52.614
9.643,318.954,4.000,98.251,7.000,2.000,1.000,4.000,86.563,17.650,69.346
7.521,401.143,6.000,69.970,6.000,4.000,0.000,6.000,83.690,17.658,68.332
7.659,212.989,2.000,66.173,9.000,3.000,0.000,1.000,81.039,30.076,55.123
6.573,81.325,3.000,58.246,9.000,4.000,2.000,2.000,59.867,15.110,58.429
8.870,133.038,2.000,39.544,5.000,2.000,0.000,3.000,52.280,8.486,37.752
8.824,28.355,5.000,78.035,5.000,2.000,0.000,2.000,87.645,22.377,48.006
9.221,479.852,3.000,60.156,3.000,2.000,1.000,4.000,98.345,7.330,60.481
9.478,117.587,3.000,95.423,5.000,3.000,1.000,5.000,62.526,13.721,56.514
7.172,256.803,6.000,97.557,9.000,3.000,0.000,8.000,38.608,10.934,65.103
8.834,383.133,5.000,83.735,6.000,0.000,0.000,4.000,93.547,12.924,59.502
9.032,565.307,3.000,46.975,7.000,2.000,3.000,4.000,79.814,19.502,67.090
6.542,342.307,7.000,80.119,5.000,4.000,1.000,9.000,78.642,18.582,76.542
9.646,144.991,4.000,31.430,8.000,0.000,0.000,1.000,96.377,12.985,50.062
5.472,280.465,4.000,87.848,8.000,3.000,1.000,4.000,78.582,10.115,63.057
9.971,552.205,5.000,64.553,6.000,2.000,0.000,4.000,75.138,24.523,69.131
8.850,116.714,2.000,95.572,10.000,3.000,0.000,4.000,81.157,20.170,57.050
5.466,55.173,5.000,56.443,9.000,2.000,0.000,7.000,66.456,5.417,45.701
8.281,99.256,6.000,48.422,2.000,1.000,1.000,1.000,53.654,5.908,38.513
5.171,267.988,2.000,99.654,3.000,1.000,0.000,5.000,51.366,10.863,41.566
8.851,147.801,6.000,67.147,10.000,2.000,0.000,3.000,82.206,4.044,55.497
8.996,184.561,1.000,90.423,5.000,2.000,4.000,8.000,50.770,6.531,57.053
8.012,298.820,7.000,93.774,4.000,1.000,0.000,5.000,95.525,16.401,63.535
9.284,97.459,1.000,66.293,8.000,3.000,1.000,5.000,61.195,18.503,52.299
5.489,178.060,2.000,61.900,7.000,1.000,1.000,2.000,76.182,13.472,44.939
6.380,131.270,4.000,68.702,2.000,5.000,1.000,4.000,37.782,13.475,48.787
7.071,538.232,7.000,89.342,1.000,0.000,2.000,3.000,64.181,11.080,60.349
5.212,335.322,8.000,97.526,9.000,0.000,2.000,7.000,60.971,9.504,70.918
7.241,148.568,5.000,52.983,8.000,4.000,1.000,9.000,84.053,21.604,65.423
6.326,142.377,2.000,81.704,4.000,0.000,0.000,10.000,38.602,22.545,41.986
6.964,577.095,4.000,49.976,9.000,2.000,2.000,4.000,61.153,13.183,70.293
7.126,547.516,8.000,72.767,2.000,1.000,0.000,3.000,90.779,6.669,56.733
9.397,266.792,1.000,86.335,9.000,3.000,0.000,6.000,78.452,9.530,58.281
6.352,190.761,8.000,92.054,1.000,0.000,1.000,6.000,85.533,13.974,53.094
9.469,68.259,4.000,61.410,7.000,3.000,0.000,4.000,84.612,13.163,52.103
7.130,99.979,1.000,55.883,9.000,3.000,0.000,2.000,78.026,20.425,43.970
6.639,63.701,7.000,47.742,7.000,3.000,0.000,5.000,60.434,9.188,49.410
7.513,393.088,1.000,39.339,8.000,1.000,1.000,3.000,60.961,19.043,55.964
7.089,69.214,4.000,55.544,4.000,1.000,1.000,7.000,38.327,14.227,48.065
6.287,141.002,2.000,91.038,3.000,2.000,0.000,5.000,47.675,41.226,43.435
7.513,34.585,6.000,59.317,3.000,1.000,0.000,4.000,71.276,13.786,42.945
5.759,50.114,1.000,52.211,2.000,5.000,0.000,4.000,93.180,9.836,38.594
6.760,307.962,1.000,81.739,3.000,2.000,4.000,8.000,74.795,29.308,63.370
7.829,239.603,6.000,45.091,3.000,3.000,1.000,3.000,60.158,13.195,53.602
7.067,195.713,10.000,47.940,8.000,3.000,2.000,3.000,89.076,18.489,74.841
9.120,142.988,1.000,95.514,3.000,1.000,0.000,6.000,64.170,4.475,44.406
6.284,44.070,5.000,35.711,2.000,6.000,0.000,3.000,51.892,25.725,47.004
9.849,128.764,9.000,59.024,8.000,1.000,0.000,8.000,40.205,9.532,61.082
8.924,170.338,3.000,70.373,6.000,1.000,2.000,4.000,88.856,7.181,54.791
9.838,294.172,5.000,46.118,3.000,4.000,1.000,5.000,75.039,23.115,66.618
9.191,379.121,9.000,49.671,8.000,0.000,0.000,3.000,72.753,8.957,61.119
5.711,314.402,8.000,45.529,3.000,0.000,0.000,6.000,81.844,8.111,45.103
7.632,238.614,3.000,54.163,8.000,2.000,0.000,4.000,74.328,6.498,51.654
5.850,193.578,8.000,92.895,1.000,0.000,1.000,4.000,57.784,10.875,48.506
9.091,222.573,7.000,60.211,6.000,2.000,0.000,3.000,75.143,8.953,58.729
7.921,122.166,6.000,59.248,6.000,3.000,0.000,4.000,44.103,21.497,55.641
6.317,205.580,5.000,57.061,4.000,6.000,2.000,3.000,54.251,9.370,54.967
9.648,169.622,10.000,97.488,7.000,2.000,2.000,4.000,69.925,10.437,77.654
5.576,725.560,9.000,38.211,4.000,2.000,0.000,3.000,39.495,9.930,57.433
7.819,226.520,10.000,91.031,7.000,4.000,0.000,3.000,88.416,19.465,69.223
8.605,25.812,7.000,52.901,3.000,2.000,0.000,4.000,37.902,22.563,42.207
5.294,137.255,4.000,96.956,6.000,5.000,2.000,5.000,59.204,14.120,55.699
7.989,156.170,2.000,52.066,8.000,4.000,0.000,3.000,64.536,13.727,53.543
9.080,342.772,2.000,35.801,10.000,3.000,1.000,5.000,79.246,15.212,63.593
5.338,246.763,10.000,66.403,4.000,2.000,0.000,5.000,45.067,15.949,55.366
7.561,238.285,4.000,45.951,5.000,3.000,0.000,2.000,88.389,20.442,52.012
6.293,446.581,2.000,82.709,5.000,4.000,2.000,3.000,62.697,19.734,66.410
8.315,549.129,3.000,76.011,9.000,0.000,1.000,6.000,51.325,1.163,59.767
5.593,307.660,1.000,78.053,10.000,3.000,0.000,6.000,41.392,7.747,50.870
9.685,145.374,6.000,43.544,7.000,6.000,2.000,4.000,95.145,3.488,62.042
9.474,148.703,6.000,79.604,9.000,3.000,0.000,1.000,61.220,16.603,60.619
5.930,410.251,4.000,51.793,1.000,7.000,1.000,1.000,59.787,6.279,52.598
6.616,148.362,8.000,99.907,8.000,7.000,0.000,3.000,46.716,18.234,65.144
7.938,184.282,5.000,81.224,9.000,1.000,0.000,5.000,67.912,15.849,54.734
8.590,135.009,10.000,71.329,8.000,3.000,0.000,4.000,55.792,13.709,67.443
7.213,80.115,8.000,90.698,6.000,6.000,1.000,10.000,45.785,12.188,65.733
5.781,690.268,1.000,71.252,9.000,1.000,0.000,1.000,83.937,22.250,58.075
5.521,185.186,3.000,68.692,7.000,1.000,0.000,10.000,93.387,18.994,54.201
9.999,487.690,8.000,46.612,9.000,2.000,1.000,7.000,57.899,7.344,74.455
7.277,149.881,6.000,77.468,2.000,3.000,0.000,5.000,53.622,16.167,48.997
9.363,117.534,8.000,56.225,7.000,1.000,0.000,0.000,59.270,14.909,53.470
7.412,290.506,4.000,33.016,5.000,2.000,2.000,9.000,95.114,26.107,65.901
9.612,378.066,1.000,87.124,9.000,3.000,2.000,7.000,72.934,28.159,73.097
5.439,393.968,8.000,33.631,9.000,4.000,2.000,4.000,45.784,14.368,69.003
5.570,168.670,8.000,77.061,9.000,1.000,1.000,2.000,76.112,39.596,61.930
9.648,310.899,7.000,40.970,3.000,3.000,2.000,7.000,61.082,8.973,70.170
9.737,127.784,5.000,60.280,5.000,2.000,3.000,6.000,36.132,5.239,51.993
6.574,203.724,1.000,90.136,1.000,1.000,0.000,7.000,98.045,29.814,43.546
6.776,156.875,8.000,36.609,10.000,2.000,0.000,6.000,42.468,8.230,54.503
7.262,139.600,7.000,76.701,3.000,2.000,0.000,7.000,61.877,5.426,52.836
7.081,209.746,7.000,72.883,7.000,5.000,3.000,4.000,77.747,8.613,64.348
5.950,78.304,2.000,90.727,5.000,3.000,4.000,3.000,73.092,10.396,49.034
9.492,358.085,8.000,42.091,10.000,0.000,0.000,4.000,35.274,3.681,56.042
6.267,140.035,8.000,85.985,9.000,1.000,0.000,6.000,74.513,11.789,59.357
8.526,347.085,9.000,61.508,8.000,4.000,0.000,5.000,82.273,9.787,73.197
5.336,92.936,6.000,60.005,7.000,4.000,0.000,4.000,90.206,14.709,54.232
5.194,139.663,8.000,55.325,2.000,2.000,1.000,8.000,46.956,2.378,48.467
8.269,78.076,5.000,56.990,10.000,0.000,0.000,5.000,37.389,12.359,47.566
6.695,75.560,7.000,66.397,1.000,2.000,0.000,5.000,96.385,43.607,52.144
8.277,103.351,7.000,37.476,5.000,5.000,2.000,3.000,79.228,23.824,65.910
5.470,94.134,8.000,59.755,4.000,3.000,3.000,7.000,64.573,5.751,58.952
9.749,78.643,9.000,75.639,4.000,2.000,2.000,6.000,82.128,9.010,66.474
8.743,193.981,1.000,64.873,10.000,3.000,1.000,8.000,45.210,10.661,55.935
9.381,286.726,8.000,41.608,3.000,2.000,0.000,3.000,97.296,29.243,61.875
5.682,296.777,8.000,55.414,6.000,1.000,4.000,6.000,77.526,11.898,70.394
6.601,40.808,6.000,61.007,3.000,1.000,2.000,3.000,92.002,10.798,42.964
6.842,156.135,6.000,76.821,10.000,1.000,0.000,3.000,71.186,6.344,51.371
7.686,144.794,8.000,93.054,8.000,3.000,0.000,2.000,87.052,10.846,59.260
6.484,451.688,5.000,68.526,5.000,5.000,1.000,1.000,56.299,11.662,64.313
5.303,160.627,5.000,77.346,1.000,3.000,1.000,9.000,43.650,15.455,55.549
6.844,182.573,9.000,35.403,2.000,0.000,3.000,3.000,57.998,8.335,50.638
6.273,56.383,8.000,96.813,3.000,0.000,2.000,3.000,93.300,6.416,50.269
6.930,101.164,3.000,52.065,5.000,2.000,0.000,3.000,80.376,6.288,42.062
5.985,53.199,9.000,54.800,9.000,1.000,0.000,3.000,64.656,24.211,52.457
6.309,202.903,4.000,45.599,2.000,2.000,0.000,8.000,50.289,26.376,47.936
8.135,460.891,2.000,35.927,6.000,2.000,1.000,6.000,73.873,24.438,63.051
6.941,104.025,9.000,85.303,4.000,0.000,1.000,4.000,73.539,10.922,56.430
6.727,161.579,3.000,46.834,1.000,3.000,0.000,4.000,69.510,23.702,45.383
7.670,94.620,3.000,49.788,7.000,2.000,0.000,3.000,82.957,21.838,47.828
8.859,120.039,3.000,42.726,8.000,4.000,2.000,2.000,50.783,17.905,63.247
6.894,205.909,5.000,98.242,10.000,2.000,3.000,4.000,68.214,11.476,61.412
7.938,601.572,2.000,84.672,6.000,4.000,0.000,5.000,55.046,17.912,63.380
9.831,446.430,2.000,95.093,4.000,3.000,0.000,2.000,48.364,5.854,54.227
7.610,531.294,4.000,90.321,9.000,1.000,1.000,6.000,56.631,22.437,67.892
9.549,349.111,3.000,93.441,3.000,2.000,0.000,4.000,87.192,3.009,56.459
8.968,160.007,2.000,63.532,7.000,2.000,0.000,3.000,42.403,11.534,47.974
5.294,144.209,10.000,41.938,10.000,2.000,1.000,4.000,52.906,12.858,59.625
7.145,104.532,6.000,52.882,1.000,1.000,3.000,7.000,69.647,11.169,50.515
8.492,14.370,1.000,50.472,10.000,5.000,2.000,6.000,61.063,22.693,55.885
9.934,158.135,2.000,80.199,3.000,1.000,1.000,1.000,88.799,5.967,41.424
7.292,465.074,9.000,31.797,5.000,5.000,2.000,5.000,85.651,7.538,75.035
5.464,461.707,3.000,39.943,3.000,4.000,1.000,6.000,79.065,14.764,59.690
7.810,743.143,2.000,77.802,2.000,5.000,2.000,1.000,53.362,4.831,62.733
5.633,216.733,7.000,38.641,8.000,4.000,2.000,3.000,36.379,10.656,68.105
8.758,68.198,9.000,33.380,5.000,4.000,1.000,4.000,55.404,30.727,59.547
7.538,274.187,4.000,37.645,6.000,4.000,0.000,2.000,74.062,22.303,52.902
8.617,605.677,8.000,78.347,5.000,1.000,0.000,10.000,41.594,33.749,65.462
9.347,504.253,5.000,39.753,8.000,2.000,1.000,8.000,88.533,13.891,68.066
8.145,132.012,2.000,40.241,10.000,2.000,0.000,0.000,99.129,23.228,50.279
8.062,73.995,8.000,46.121,6.000,1.000,2.000,6.000,82.941,23.985,59.782
8.773,72.205,10.000,82.564,2.000,8.000,0.000,5.000,61.950,4.944,53.369
9.212,109.949,10.000,44.025,4.000,0.000,0.000,5.000,86.819,9.383,54.667
9.345,123.442,2.000,32.476,5.000,4.000,1.000,7.000,52.719,11.158,52.831
5.182,151.279,6.000,93.410,2.000,7.000,2.000,6.000,97.017,44.139,70.029
7.781,298.858,7.000,91.342,3.000,3.000,1.000,4.000,58.830,26.608,62.171
6.081,147.424,1.000,42.937,3.000,0.000,0.000,2.000,79.843,6.837,32.854
9.302,197.257,10.000,48.574,10.000,4.000,1.000,6.000,36.230,32.564,75.427
8.242,49.768,2.000,43.199,5.000,2.000,0.000,3.000,75.997,10.493,37.279
7.101,104.640,3.000,80.367,9.000,3.000,0.000,7.000,54.242,19.429,55.041
5.941,100.801,10.000,47.501,6.000,4.000,1.000,3.000,41.638,11.601,56.998
6.695,42.035,6.000,95.201,6.000,1.000,2.000,3.000,63.180,3.177,50.172
8.519,144.664,7.000,87.935,10.000,2.000,2.000,4.000,41.881,32.797,71.517
6.022,50.113,5.000,71.188,7.000,2.000,0.000,6.000,47.029,24.658,44.336
5.468,137.060,8.000,30.626,3.000,2.000,0.000,3.000,93.184,12.348,50.436
9.440,208.196,1.000,91.857,3.000,0.000,0.000,3.000,39.124,17.776,41.321
8.821,470.127,7.000,80.943,7.000,3.000,1.000,4.000,75.625,9.416,72.784
5.999,96.683,1.000,85.154,1.000,4.000,2.000,5.000,38.919,8.633,47.965
6.462,204.128,2.000,35.028,2.000,1.000,2.000,2.000,81.673,24.580,46.805
9.860,116.067,6.000,79.599,1.000,2.000,0.000,4.000,98.563,22.672,51.408
8.541,47.517,5.000,86.321,8.000,1.000,1.000,6.000,62.919,38.405,54.483
8.053,473.608,2.000,96.964,5.000,3.000,2.000,7.000,97.930,23.122,77.533
6.538,214.893,8.000,70.633,1.000,2.000,2.000,2.000,76.697,17.466,54.754
6.496,264.790,4.000,65.563,8.000,3.000,0.000,5.000,73.705,23.487,60.292
5.198,523.216,9.000,59.778,7.000,0.000,1.000,1.000,46.126,18.764,57.784
8.642,136.549,1.000,79.090,8.000,0.000,1.000,4.000,96.903,19.739,51.463
5.216,65.144,3.000,94.457,2.000,3.000,1.000,5.000,91.001,21.893,49.405
5.024,95.551,3.000,71.983,9.000,5.000,1.000,5.000,43.564,24.357,53.696
8.647,59.882,6.000,45.910,2.000,3.000,1.000,5.000,36.861,13.515,45.326
9.744,392.043,5.000,31.230,6.000,1.000,1.000,7.000,58.338,2.768,59.196
8.783,620.480,2.000,73.338,6.000,5.000,0.000,2.000,45.363,13.966,60.423
7.358,206.615,6.000,90.522,3.000,3.000,4.000,6.000,56.850,7.568,56.623
7.430,304.488,10.000,34.618,4.000,4.000,4.000,3.000,97.300,27.796,73.673
7.181,358.784,2.000,57.830,1.000,3.000,1.000,2.000,91.024,31.305,56.310
6.623,545.407,3.000,95.803,5.000,2.000,0.000,11.000,63.608,7.947,63.430
7.609,604.303,5.000,65.117,7.000,1.000,1.000,6.000,52.929,11.500,64.632
7.156,32.684,8.000,45.446,4.000,1.000,1.000,6.000,72.557,13.105,47.440
7.991,118.678,2.000,54.756,6.000,1.000,0.000,5.000,95.937,8.355,45.285
9.491,190.351,3.000,58.570,10.000,1.000,0.000,4.000,86.392,18.735,54.232
9.975,107.518,3.000,38.210,3.000,1.000,0.000,6.000,91.404,6.100,32.871
5.394,154.167,7.000,76.255,3.000,0.000,1.000,3.000,84.472,16.592,52.321
6.923,253.243,1.000,71.452,2.000,2.000,0.000,9.000,67.738,22.499,50.069
5.904,248.565,7.000,75.341,6.000,5.000,0.000,3.000,44.198,20.022,61.496
6.761,351.187,5.000,72.755,3.000,3.000,0.000,5.000,88.210,19.151,60.748
6.437,193.412,4.000,31.167,9.000,4.000,0.000,5.000,77.313,9.041,56.017
5.873,16.345,9.000,42.212,3.000,0.000,0.000,9.000,85.224,30.471,46.610
8.820,144.664,9.000,41.590,7.000,4.000,3.000,0.000,82.711,26.287,69.217
7.481,236.526,9.000,36.857,2.000,1.000,0.000,5.000,50.997,11.317,47.713
9.596,367.677,9.000,81.483,4.000,4.000,0.000,4.000,53.568,21.271,72.684
5.163,333.700,3.000,38.410,2.000,4.000,1.000,0.000,90.665,10.230,49.266
5.335,174.982,9.000,76.774,6.000,0.000,0.000,2.000,61.473,21.502,48.851
7.016,112.633,2.000,42.487,1.000,5.000,1.000,5.000,46.552,6.303,42.191
5.401,180.967,4.000,38.282,1.000,3.000,1.000,4.000,76.776,25.226,51.310
6.314,38.130,6.000,41.377,6.000,1.000,1.000,5.000,54.391,10.607,42.225
9.930,121.485,8.000,65.588,6.000,6.000,0.000,6.000,76.774,7.828,60.590
6.045,412.437,6.000,75.184,4.000,3.000,1.000,4.000,73.354,7.081,59.606
5.991,180.567,6.000,86.835,5.000,1.000,0.000,7.000,78.104,17.079,50.304
7.868,243.505,4.000,38.999,5.000,5.000,1.000,7.000,99.573,3.946,56.640
7.490,57.574,6.000,73.133,8.000,1.000,0.000,6.000,53.025,20.087,53.243
7.902,366.043,5.000,84.169,5.000,2.000,2.000,3.000,98.416,12.768,63.832
6.884,168.511,5.000,51.868,9.000,5.000,2.000,1.000,84.625,22.589,67.285
9.134,237.852,6.000,35.580,3.000,2.000,1.000,4.000,90.601,3.384,52.841
5.693,274.333,7.000,40.916,2.000,1.000,1.000,1.000,87.162,15.171,51.904
7.142,357.283,4.000,36.409,5.000,5.000,0.000,6.000,36.493,12.587,59.801
8.449,213.262,2.000,92.105,1.000,4.000,2.000,4.000,67.740,8.420,56.157
9.341,171.424,3.000,56.369,7.000,3.000,2.000,6.000,41.875,7.454,60.726
6.848,69.890,5.000,66.634,4.000,2.000,0.000,4.000,78.776,20.919,50.650
7.839,52.732,2.000,83.808,4.000,4.000,0.000,5.000,38.877,6.397,46.613
5.346,210.271,2.000,56.005,6.000,6.000,1.000,2.000,37.158,14.550,48.510
5.852,238.921,10.000,75.437,1.000,3.000,0.000,4.000,93.937,5.185,52.594
5.346,266.485,3.000,35.368,4.000,5.000,0.000,3.000,94.609,4.382,48.250
8.639,97.180,8.000,63.663,10.000,1.000,0.000,5.000,75.545,13.948,58.138
6.440,122.370,2.000,36.756,7.000,3.000,1.000,3.000,64.895,16.389,42.936
8.619,207.620,10.000,47.380,6.000,2.000,0.000,5.000,88.852,8.492,61.298
5.332,134.598,3.000,50.534,6.000,0.000,0.000,5.000,97.674,19.119,35.758
9.313,781.661,4.000,80.231,5.000,3.000,0.000,3.000,38.529,26.280,67.095
9.178,120.340,8.000,77.187,10.000,4.000,0.000,5.000,41.729,21.331,68.472
5.445,250.299,3.000,82.296,10.000,4.000,0.000,10.000,93.831,13.980,64.542
5.119,327.093,6.000,34.323,5.000,4.000,1.000,5.000,41.461,25.287,63.111
5.281,340.451,8.000,99.574,10.000,1.000,0.000,5.000,81.421,15.495,68.705
9.268,132.796,1.000,33.809,1.000,2.000,1.000,6.000,70.978,7.722,41.152
6.174,275.238,1.000,87.802,4.000,4.000,2.000,1.000,68.906,20.168,59.023
7.741,252.616,8.000,81.819,4.000,4.000,0.000,6.000,41.347,23.759,67.969
7.131,283.271,3.000,71.423,7.000,1.000,0.000,5.000,82.366,5.487,48.003
8.978,205.687,10.000,60.720,7.000,2.000,0.000,6.000,74.131,11.944,64.003
7.444,328.644,10.000,82.999,5.000,3.000,2.000,0.000,95.375,7.759,77.565
7.503,223.178,9.000,81.790,3.000,1.000,2.000,8.000,66.265,15.768,64.435
9.945,62.591,10.000,39.602,6.000,1.000,1.000,5.000,94.307,12.811,58.993
5.751,218.547,9.000,85.484,3.000,5.000,0.000,6.000,46.953,7.544,56.995
9.154,236.707,4.000,35.499,5.000,4.000,2.000,4.000,48.253,13.988,66.144
5.259,313.582,10.000,65.038,4.000,4.000,0.000,6.000,96.684,16.765,70.160
7.388,210.448,4.000,75.156,9.000,3.000,1.000,5.000,41.460,19.418,58.686
9.432,553.782,6.000,87.518,8.000,3.000,1.000,3.000,50.375,35.104,77.860
8.326,175.832,1.000,62.418,2.000,2.000,0.000,5.000,44.188,12.369,36.856
8.426,127.573,10.000,46.580,10.000,2.000,0.000,3.000,81.132,14.807,63.764
6.317,447.292,6.000,64.346,7.000,5.000,2.000,3.000,85.716,14.431,77.246
7.093,172.361,10.000,47.515,4.000,1.000,0.000,3.000,93.596,43.569,61.282
6.833,196.932,4.000,67.011,6.000,3.000,0.000,6.000,44.542,10.584,52.259
7.607,236.776,4.000,62.376,2.000,6.000,1.000,6.000,55.913,12.734,56.284
7.311,223.297,6.000,84.635,1.000,1.000,1.000,6.000,55.618,13.318,46.882
6.634,281.755,9.000,46.806,5.000,3.000,0.000,4.000,98.276,6.311,60.069
6.527,301.470,6.000,43.999,8.000,4.000,2.000,4.000,72.889,18.781,69.370
6.254,118.858,8.000,63.193,4.000,1.000,0.000,4.000,56.937,16.035,46.978
6.825,75.166,3.000,33.535,4.000,1.000,0.000,4.000,54.418,10.245,32.718
5.750,83.104,8.000,46.054,10.000,6.000,0.000,4.000,55.736,19.317,61.322
9.361,416.087,8.000,54.759,10.000,2.000,0.000,4.000,81.292,17.646,71.415
8.011,162.123,9.000,64.134,5.000,3.000,1.000,5.000,70.703,7.409,63.084
5.669,325.163,1.000,48.861,1.000,2.000,0.000,4.000,75.535,18.899,43.207
8.469,306.921,4.000,69.245,7.000,4.000,1.000,6.000,65.583,4.112,63.499
9.238,196.902,1.000,91.489,8.000,1.000,1.000,3.000,36.707,14.896,49.009
6.188,95.993,5.000,68.061,10.000,0.000,0.000,5.000,79.662,8.541,47.861
5.753,311.869,8.000,50.079,10.000,2.000,1.000,9.000,82.068,30.951,77.506
5.043,192.162,7.000,34.339,7.000,1.000,0.000,4.000,46.716,25.338,48.163
5.236,71.059,8.000,39.567,2.000,1.000,0.000,6.000,77.209,31.139,45.063
8.811,135.460,8.000,69.285,3.000,0.000,1.000,3.000,92.041,9.138,52.311
9.936,48.734,10.000,77.860,8.000,3.000,1.000,7.000,74.180,7.609,67.362
5.224,140.380,9.000,33.477,7.000,2.000,1.000,4.000,78.455,13.581,52.303
8.740,204.182,6.000,42.988,5.000,4.000,0.000,6.000,80.546,9.756,59.754
5.359,177.854,9.000,52.336,5.000,3.000,1.000,1.000,56.082,8.524,51.489
7.961,162.775,1.000,52.384,8.000,3.000,0.000,2.000,45.029,26.482,44.707
8.780,202.696,8.000,97.088,5.000,3.000,1.000,8.000,65.722,26.270,68.365
6.796,270.493,6.000,44.264,2.000,0.000,1.000,4.000,50.067,22.221,48.333
5.055,342.325,10.000,34.376,10.000,4.000,0.000,3.000,79.655,4.354,66.153
7.976,372.721,6.000,54.711,4.000,1.000,0.000,5.000,81.470,17.808,54.597
9.956,108.534,2.000,39.411,3.000,2.000,0.000,3.000,35.532,12.144,38.096
6.288,396.603,8.000,38.861,1.000,2.000,0.000,10.000,97.023,21.093,63.436
5.947,192.376,10.000,58.522,5.000,4.000,0.000,1.000,95.125,20.550,65.094
5.620,149.822,1.000,51.447,10.000,4.000,0.000,3.000,43.576,16.594,47.152
7.776,85.263,1.000,36.421,2.000,1.000,1.000,2.000,66.057,26.619,36.330
7.982,14.706,7.000,72.301,3.000,1.000,0.000,4.000,48.586,16.275,44.485
8.961,257.962,6.000,65.119,2.000,1.000,0.000,5.000,97.655,3.829,47.612
8.765,251.286,6.000,35.397,1.000,4.000,0.000,3.000,71.792,11.601,51.058
9.463,126.209,1.000,90.392,7.000,2.000,1.000,2.000,80.510,9.203,52.873
9.029,129.087,6.000,49.930,3.000,6.000,0.000,4.000,98.563,7.552,53.447
6.236,173.177,6.000,97.297,8.000,4.000,1.000,5.000,78.745,7.894,65.150
7.779,147.901,9.000,95.208,5.000,6.000,0.000,7.000,91.600,10.678,66.442
6.487,104.619,4.000,60.387,7.000,0.000,3.000,5.000,50.636,9.730,50.344
6.649,77.485,4.000,46.000,1.000,3.000,1.000,7.000,49.910,18.459,45.252
9.660,399.457,1.000,88.440,4.000,2.000,1.000,5.000,63.678,8.843,58.691
8.409,134.935,6.000,55.290,5.000,3.000,2.000,5.000,92.296,18.972,63.355
9.873,250.326,7.000,41.449,1.000,2.000,2.000,2.000,37.543,23.368,53.613
7.085,284.101,3.000,68.613,5.000,4.000,2.000,4.000,63.690,18.721,65.432
7.687,258.814,8.000,64.258,5.000,0.000,1.000,8.000,88.619,15.099,59.497
7.436,294.383,10.000,89.501,5.000,3.000,0.000,2.000,46.534,19.842,63.030
5.536,256.870,2.000,81.050,6.000,2.000,2.000,5.000,75.022,7.700,51.739
6.184,117.115,6.000,91.330,8.000,6.000,2.000,11.000,39.548,4.262,62.232
7.638,154.159,7.000,81.429,8.000,3.000,2.000,1.000,35.674,20.344,58.839
5.337,392.572,1.000,74.952,1.000,1.000,0.000,3.000,55.729,16.180,40.407
9.657,131.968,2.000,65.012,7.000,2.000,3.000,4.000,87.367,32.347,58.216
5.619,192.571,4.000,99.129,10.000,6.000,1.000,6.000,37.687,23.599,69.299
5.990,271.290,2.000,97.142,9.000,5.000,4.000,7.000,58.712,11.625,68.536
8.827,485.986,4.000,89.420,4.000,4.000,2.000,2.000,82.361,12.514,71.877
5.485,370.276,2.000,84.272,8.000,4.000,0.000,5.000,58.994,15.422,65.209
9.501,92.872,9.000,70.429,9.000,3.000,1.000,3.000,66.122,12.924,58.457
8.629,244.956,6.000,48.183,4.000,2.000,0.000,5.000,67.523,15.220,55.022
5.343,226.085,4.000,91.281,9.000,4.000,1.000,7.000,94.018,10.019,67.975
8.459,155.146,8.000,30.757,7.000,4.000,0.000,7.000,91.933,21.638,67.221
8.158,196.574,1.000,45.921,8.000,2.000,1.000,5.000,39.136,18.122,45.952
8.787,116.222,6.000,58.261,8.000,2.000,1.000,1.000,79.994,13.517,54.488
9.141,170.929,7.000,71.031,8.000,3.000,1.000,5.000,70.290,7.012,61.947
8.592,132.899,9.000,69.262,10.000,3.000,3.000,4.000,58.044,13.389,67.898
7.931,207.082,3.000,42.307,9.000,1.000,1.000,8.000,67.016,16.783,61.723
6.612,150.974,6.000,37.336,5.000,2.000,1.000,8.000,92.187,12.929,53.852
8.486,509.456,8.000,45.563,6.000,2.000,1.000,6.000,85.249,11.269,72.277
9.785,211.875,8.000,54.410,7.000,2.000,1.000,1.000,71.925,3.298,61.147
7.938,184.519,2.000,30.984,9.000,1.000,1.000,4.000,46.414,44.424,46.555
8.322,164.413,10.000,78.472,4.000,4.000,0.000,4.000,75.213,8.397,61.528
7.186,151.273,3.000,47.341,4.000,1.000,1.000,7.000,67.372,17.307,47.018
8.781,71.074,4.000,54.598,8.000,1.000,2.000,7.000,64.047,7.555,54.223
9.988,324.658,2.000,53.443,10.000,2.000,0.000,6.000,96.349,16.465,63.707
5.802,447.702,2.000,65.828,10.000,2.000,2.000,2.000,99.521,17.370,71.845
6.012,131.378,3.000,90.186,2.000,1.000,0.000,3.000,96.838,11.869,43.087
7.697,391.264,2.000,40.457,10.000,1.000,0.000,5.000,83.027,12.887,58.736
7.407,776.807,8.000,53.851,8.000,3.000,1.000,4.000,73.926,9.550,74.341
7.858,606.776,6.000,78.442,2.000,4.000,2.000,6.000,55.763,44.428,77.403
5.245,435.172,4.000,33.096,1.000,6.000,2.000,3.000,96.567,22.432,61.510
7.021,78.884,6.000,88.099,3.000,1.000,2.000,7.000,64.615,15.146,49.915
7.915,78.115,7.000,97.328,10.000,3.000,0.000,2.000,48.106,10.177,56.192
7.926,293.443,2.000,72.535,8.000,1.000,1.000,4.000,42.198,21.206,52.401
8.287,193.913,3.000,96.956,6.000,2.000,1.000,4.000,89.326,21.329,56.984
8.601,30.525,9.000,58.914,7.000,3.000,2.000,4.000,56.331,7.650,61.253
8.208,142.918,1.000,59.052,5.000,0.000,1.000,5.000,84.804,5.122,39.621
8.951,284.963,10.000,37.437,10.000,3.000,0.000,4.000,75.780,10.101,71.368
8.124,172.704,10.000,32.481,2.000,2.000,0.000,1.000,53.429,9.823,48.912
7.688,194.581,3.000,47.115,4.000,2.000,1.000,3.000,90.294,5.476,48.458
8.031,78.017,4.000,63.469,3.000,2.000,0.000,4.000,89.917,8.353,39.800
5.506,141.559,3.000,65.538,9.000,5.000,0.000,4.000,46.169,7.064,48.200
6.366,294.259,6.000,45.230,6.000,3.000,2.000,3.000,42.914,26.837,59.836
7.637,136.468,3.000,72.896,7.000,2.000,2.000,6.000,74.033,16.798,59.690
9.365,411.458,8.000,42.684,10.000,3.000,0.000,5.000,50.172,18.010,77.646
8.395,197.684,4.000,52.835,2.000,4.000,1.000,2.000,56.592,22.000,54.446
5.452,257.317,10.000,43.700,10.000,0.000,0.000,1.000,95.887,7.454,57.548
7.961,289.909,9.000,78.766,2.000,2.000,3.000,4.000,46.411,18.200,64.534
6.109,282.348,5.000,66.160,8.000,4.000,1.000,8.000,65.582,11.151,66.783
8.670,90.729,6.000,81.527,8.000,1.000,1.000,4.000,54.169,26.806,60.615
9.137,104.021,1.000,34.007,9.000,3.000,0.000,2.000,57.615,24.714,47.850
7.967,29.925,1.000,59.775,2.000,2.000,1.000,3.000,59.056,29.762,40.876
7.957,153.766,6.000,97.687,10.000,1.000,0.000,2.000,51.900,7.967,57.196
6.693,97.927,5.000,33.753,8.000,3.000,0.000,5.000,84.627,13.014,54.046
7.231,133.446,4.000,59.287,2.000,2.000,2.000,8.000,87.772,9.712,52.861
9.321,165.444,1.000,32.828,6.000,1.000,0.000,3.000,70.069,9.226,39.676
8.617,215.830,9.000,40.266,9.000,3.000,2.000,2.000,93.455,10.003,69.950
7.599,174.552,5.000,62.377,5.000,2.000,0.000,2.000,43.882,20.363,49.801
6.841,172.281,5.000,41.026,4.000,1.000,1.000,4.000,67.929,9.438,45.012
5.252,243.867,5.000,66.313,3.000,4.000,1.000,5.000,88.848,8.375,58.679
5.715,188.683,5.000,94.591,6.000,4.000,2.000,10.000,75.359,9.287,71.075
5.965,340.152,7.000,44.029,10.000,2.000,1.000,6.000,99.025,5.758,63.532
6.867,189.102,8.000,37.503,7.000,3.000,0.000,2.000,73.723,9.523,50.709
9.721,487.870,6.000,87.769,8.000,0.000,1.000,1.000,97.402,25.176,69.726
7.526,87.806,2.000,62.219,8.000,4.000,1.000,6.000,41.416,38.395,57.709
6.174,151.785,9.000,91.783,8.000,2.000,1.000,7.000,37.771,11.274,63.973
5.529,117.851,3.000,51.429,5.000,2.000,0.000,3.000,58.173,25.957,39.816
6.692,221.555,1.000,73.927,8.000,0.000,0.000,8.000,89.687,32.797,53.535
9.079,87.760,1.000,94.632,4.000,3.000,2.000,8.000,38.283,24.439,60.922
6.917,58.067,8.000,42.019,6.000,2.000,1.000,2.000,51.399,4.087,45.328
8.863,101.591,4.000,86.051,4.000,1.000,0.000,2.000,99.026,11.148,43.566
9.014,61.770,1.000,74.206,10.000,2.000,0.000,3.000,76.663,28.865,50.293
5.554,167.011,9.000,86.906,8.000,2.000,0.000,3.000,60.552,20.917,60.100
8.043,215.407,4.000,41.949,6.000,1.000,1.000,8.000,40.061,23.392,57.061
9.795,50.589,10.000,60.386,5.000,1.000,3.000,1.000,84.091,14.232,59.465
7.011,145.013,9.000,39.019,6.000,3.000,1.000,3.000,95.145,17.006,61.036
5.255,369.638,1.000,97.206,8.000,3.000,0.000,5.000,83.200,11.994,58.217
9.617,438.817,7.000,34.388,3.000,2.000,1.000,3.000,42.567,25.754,59.272
9.418,309.562,7.000,34.584,9.000,4.000,2.000,3.000,69.571,12.091,77.209
7.611,18.963,2.000,92.871,3.000,2.000,1.000,3.000,61.180,15.552,43.712
7.761,202.302,4.000,51.053,2.000,3.000,2.000,8.000,93.763,10.058,58.099
6.059,397.296,5.000,71.791,8.000,0.000,0.000,6.000,84.550,8.460,58.433
9.097,134.506,2.000,50.123,8.000,2.000,0.000,5.000,87.128,26.949,52.118
7.493,72.113,8.000,75.413,4.000,2.000,1.000,4.000,61.893,25.448,51.983
